account,id_card,phone,bank_card,account_age_days,login_count_30d,failed_login_count_30d,device_count_30d,txn_count_30d,txn_amount_mean,txn_amount_max,txn_amount_std,night_txn_ratio,cross_region_ratio,new_device_ratio,chargeback_count,device_type,region,carrier,occupation,label
8314824638,526765197802198985,13852503839,6218304532755916180,5,11,29,7,75,85305,356002,63627,0.685,0.537,0.715,2,windows,上海,移动,个体经营,black
7417687355,388322196707036516,19970238700,6233162067832684898,59,14,38,9,22,103048,487172,25857,0.456,0.35,0.41,3,web,北京,电信,企业职员,black
8720412377,42693719830814479X,19972802369,6228304685563222456,63,24,14,11,88,114032,670298,21585,0.466,0.429,0.44,4,windows,深圳,联通,务农,black
7907987337,331673198404209079,13341040101,6230498425924401159,308,33,7,5,22,14425,84182,6175,0.339,0.494,0.265,1,android,武汉,联通,退休,gray
9442442002,542119200311192848,13338960503,6254033635357204899,57,30,3,15,59,118338,668147,69553,0.545,0.334,0.634,8,web,武汉,电信,个体经营,black
1707282282,237931199310212654,18655783968,6250827146316523483,138,55,5,3,12,29912,170071,7140,0.258,0.29,0.206,2,android,广州,电信,务农,gray
5285809929,468318199112196881,19960588087,6297359799707414174,53,21,27,14,35,101391,879824,25045,0.649,0.534,0.605,1,web,上海,电信,个体经营,black
9237991467,448263200107076723,13958849151,6256915227432474840,15,19,33,12,74,77721,766414,39966,0.366,0.378,0.819,3,windows,杭州,移动,务农,black
9875425788,385188199309132783,13397082410,6258250341880339219,69,19,3,7,24,86135,290041,78700,0.423,0.3,0.557,5,windows,北京,移动,个体经营,black
8122342826,420722200301151124,13933749331,6263063760940347831,794,87,1,3,3,8074,23846,833,0.035,0.062,0.224,0,harmony,成都,移动,退休,white
8577904168,483569200105094588,19979530365,6200025846727146067,56,21,5,8,48,101887,630322,65015,0.6,0.815,0.812,6,web,成都,移动,企业职员,black
0899215163,253384198802258390,18694805300,6278780838979959298,3977,173,1,1,8,3206,23233,1442,0.048,0.152,0.124,0,android,成都,电信,企业职员,white
8163975655,533893196712039951,13856501584,6273706544671519928,106,53,5,5,26,20071,233598,13382,0.179,0.219,0.513,1,harmony,广州,联通,务农,gray
9290643267,612280200203044750,13344581904,6246317660411793125,113,39,1,5,17,38008,178990,8260,0.18,0.303,0.403,2,android,武汉,联通,企业职员,gray
1898611294,646688198202181252,13913433163,6266511174636830173,3226,40,0,1,2,4409,28113,3970,0.116,0.13,0.2,0,harmony,广州,电信,务农,white
3553611332,334621197702090118,18626122375,6283769099336966646,69,18,6,2,29,27735,65359,11979,0.259,0.195,0.54,2,ios,上海,联通,务农,gray
9247700660,64773019750518222X,18614891054,6214605003285466537,365,28,6,4,18,21990,214754,12456,0.227,0.353,0.502,1,android,武汉,电信,学生,gray
3560183240,213276196601098420,15007638206,6216885868547864871,81,6,28,11,78,114442,339168,34229,0.421,0.424,0.848,4,web,成都,电信,自由职业,black
0042326383,616777196712141860,19946965355,6228891601502737567,17,29,12,14,70,83125,556075,71064,0.676,0.536,0.519,6,web,武汉,移动,退休,black
5279473350,32507119790526899X,18683159709,6232978443996683270,67,26,18,12,62,46392,492626,79306,0.461,0.39,0.775,7,windows,成都,联通,企业职员,black
6181069007,641620198304243105,13937488229,6214223411184347364,61,26,5,12,76,119845,258578,75590,0.731,0.82,0.636,8,windows,杭州,移动,务农,black
2264311709,584874197003136623,13333969243,6270974827243186311,33,18,20,13,31,56450,452312,57402,0.457,0.892,0.882,2,web,杭州,电信,务农,black
3140401647,270155196907167497,19926901981,6207264789258397217,76,13,34,15,54,76434,287451,42276,0.539,0.54,0.774,2,windows,北京,移动,学生,black
7911030641,319283197402081833,13322072395,6251287463565797544,1392,116,2,1,7,1091,23294,811,0.141,0.014,0.198,0,harmony,广州,移动,务农,white
3672383823,163859198512214957,19909086332,6246970928447992353,4,12,7,4,68,62848,849985,50189,0.628,0.658,0.825,5,web,西安,联通,企业职员,black
0001629738,393347200106149229,13809368027,6293835502728012491,37,24,12,9,22,113044,463634,30983,0.374,0.334,0.645,1,windows,杭州,移动,务农,black
9042036234,322116197110287310,13300274258,6283419005796808840,3950,118,2,1,18,534,24187,3948,0.003,0.019,0.164,0,android,广州,移动,个体经营,white
5671226128,420189197709282135,15042828785,6233596446374722631,46,26,39,10,60,33467,529959,70150,0.746,0.495,0.568,1,web,广州,联通,退休,black
3639974105,619763197412042220,13971385494,6247999546432300423,34,16,28,4,31,88170,310333,68903,0.409,0.316,0.592,5,windows,上海,电信,个体经营,black
1730662474,220458200003149093,13335209645,6282025756991264585,144,14,6,6,14,23459,65474,6206,0.273,0.396,0.499,0,harmony,广州,电信,务农,gray
8828841454,594382200206145387,13918960238,6256849598604623860,65,13,17,12,24,66836,386455,70719,0.693,0.499,0.561,4,web,武汉,联通,退休,black
5218749796,452975198206177848,13827998215,6227014808733238304,233,40,6,2,29,16009,144963,17410,0.274,0.242,0.192,1,harmony,杭州,联通,退休,gray
7641299494,241203200309275354,13862533963,6216853465682187095,22,28,5,7,90,36878,214932,64440,0.673,0.434,0.838,3,web,杭州,联通,自由职业,black
7474131903,341568197003103522,13974864122,6261746252585407391,1872,192,0,1,14,4874,31864,2769,0.093,0.136,0.088,0,harmony,北京,电信,务农,white
0572537621,636950196801090354,13330029755,6209231467643994085,38,19,7,5,43,96128,436509,68957,0.39,0.751,0.436,1,windows,上海,移动,自由职业,black
2836732631,245496197203100363,13851211694,6233035563442045147,62,22,40,10,51,53578,890723,71044,0.498,0.594,0.402,2,web,北京,联通,退休,black
3105779192,582551197605269907,13974025808,6234337722094890093,38,22,5,6,15,25972,186190,12715,0.171,0.333,0.394,1,android,西安,联通,自由职业,gray
5180081221,368010197908116775,13334615012,6293712708461178337,1162,188,0,3,3,3802,32408,1495,0.035,0.09,0.01,0,android,武汉,联通,退休,white
6077616164,363276197803069726,18687252008,6254124008111637387,56,17,17,5,28,66110,551596,68555,0.414,0.469,0.789,6,web,武汉,电信,企业职员,black
7768291087,296670198907191245,13954453653,6248765938625026866,123,30,1,3,11,20799,124329,8958,0.264,0.264,0.292,0,ios,西安,联通,退休,gray
8063287707,633816197909249418,19934970816,6235305320529060843,54,16,9,5,52,85474,793436,60283,0.785,0.642,0.878,1,windows,北京,移动,务农,black
5457771463,215514197408170210,15004330637,6298660793813286480,342,32,4,2,8,36682,247597,7501,0.362,0.251,0.513,0,android,西安,电信,自由职业,gray
9156775300,137312197308044513,15032302663,6258648126365481875,40,29,40,4,38,81995,579615,21015,0.551,0.519,0.615,5,web,北京,电信,自由职业,black
2980581262,257560198312184869,13951785481,6259870137220268368,2534,131,2,3,4,8332,33091,2866,0.065,0.062,0.063,0,android,深圳,电信,学生,white
5269255979,523437197401078372,13901523259,6230051904253159646,16,6,8,14,85,113387,402450,68109,0.388,0.746,0.656,2,windows,深圳,电信,退休,black
1889352346,295998198709042781,15092351178,6204545847364950253,1805,133,1,1,18,1549,23085,725,0.084,0.007,0.119,0,android,上海,电信,务农,white
9718025234,138868196609060303,18691011233,6298881371617969654,2558,47,2,3,18,972,24237,2463,0.159,0.023,0.034,0,harmony,杭州,移动,退休,white
2745044883,34005719950615501X,13938958283,6253850201803865295,88,8,35,12,78,55476,486622,89543,0.679,0.878,0.544,5,windows,西安,电信,个体经营,black
8471475087,264035198001238991,19984529204,6236782503752944659,36,17,7,15,51,65984,677980,62797,0.672,0.364,0.552,1,windows,西安,联通,务农,black
5201651507,599657199509192611,18608235868,6231701234360744364,1105,156,2,2,15,6290,15248,3352,0.154,0.102,0.014,0,android,成都,电信,务农,white
2950920347,354043198203126602,13378858807,6276588235950937690,129,14,3,3,13,42331,68999,16761,0.372,0.343,0.16,1,harmony,杭州,联通,自由职业,gray
9841278732,655306199602208004,13815905040,6237286449773315893,26,19,30,12,33,104498,889588,68264,0.582,0.77,0.876,8,windows,杭州,联通,务农,black
4911690122,552749200308018451,19932561209,6287047442914980485,45,12,13,15,36,111100,320255,41375,0.761,0.826,0.659,7,windows,西安,联通,个体经营,black
5235373134,59712119770220348X,13938639639,6282887655540563842,2576,145,2,1,2,7217,20005,3180,0.125,0.209,0.179,0,android,杭州,移动,个体经营,white
0288284393,617695200202231624,18661571054,6233945409507614975,753,36,1,3,11,8590,4061,318,0.181,0.215,0.257,0,harmony,杭州,移动,务农,white
9323710752,577370198501288772,15032394031,6216510138681760192,2617,53,2,2,3,1896,26183,2783,0.087,0.026,0.172,0,android,深圳,联通,个体经营,white
3268994601,449878200201144435,13998273364,6260316631547849175,25,28,20,14,38,113274,522559,45705,0.709,0.635,0.514,1,windows,广州,移动,企业职员,black
6306264703,51352019840818667X,19960911138,6275141899815638361,60,17,38,4,42,81545,394786,28144,0.544,0.32,0.567,8,web,广州,移动,退休,black
1014194226,270059199103117381,13819929278,6285945943131363508,26,7,36,13,74,39105,673207,68731,0.758,0.844,0.58,3,windows,武汉,电信,企业职员,black
9361735570,243197199804220108,13951955779,6274751945306263973,50,6,5,6,34,34969,250870,42428,0.734,0.456,0.602,3,windows,成都,联通,企业职员,black
1420740635,21510019730213547X,13364602939,6222591163528292118,1239,34,0,2,10,2118,23943,1280,0.199,0.058,0.042,0,ios,武汉,联通,退休,white
7397622547,646906199908252896,15086656478,6209579623840510088,1221,183,0,2,12,4175,21958,3169,0.13,0.018,0.188,0,android,上海,电信,学生,white
3711937880,154703199908050877,15080448587,6214568768484220164,3,17,14,8,75,62550,392590,43320,0.449,0.872,0.642,5,web,广州,联通,个体经营,black
8242957985,212068197303282057,19944675193,6253373581934265409,2775,105,1,1,16,6260,16482,3101,0.145,0.166,0.228,0,android,北京,联通,自由职业,white
8251705958,213468198608073518,13365094856,6216997811453192967,84,9,17,4,42,103375,460769,84215,0.52,0.788,0.781,4,web,杭州,移动,自由职业,black
0247616607,339599198210104053,18687841411,6273011116596090302,242,24,1,6,21,31574,60821,24462,0.372,0.377,0.522,1,ios,广州,电信,自由职业,gray
8552795366,38120919670221083X,18646935219,6293175910886476856,909,167,2,3,18,2296,26074,1418,0.001,0.074,0.15,0,android,深圳,电信,自由职业,white
7126036649,422797199503071634,15091065910,6258584736914848933,60,11,16,4,28,109355,461697,52284,0.691,0.471,0.799,4,windows,成都,电信,学生,black
1542356130,353887197603018632,15026337525,6206430118169992111,57,29,5,3,24,39834,66664,23066,0.182,0.174,0.514,2,harmony,武汉,联通,个体经营,gray
2226732568,32618319861021102X,13368298985,6230664279352927126,1870,183,2,3,3,8926,4064,1234,0.137,0.061,0.078,0,ios,北京,联通,企业职员,white
6372541310,405956200206078273,13846319018,6274318639839064906,8,18,4,5,62,81557,485611,43946,0.66,0.301,0.637,8,windows,北京,移动,学生,black
5750945601,629160200107150941,13302940566,6210527208605133830,275,14,3,4,24,27436,186354,12142,0.213,0.429,0.306,1,harmony,成都,联通,自由职业,gray
5652271703,491821198509109298,18631130211,6204987650933674893,86,18,23,15,23,40857,485774,46553,0.777,0.578,0.634,2,windows,成都,联通,退休,black
0532425918,46799019960217901X,15077311723,6279557310304333459,24,27,15,8,73,108121,404312,35257,0.401,0.766,0.621,1,web,广州,联通,务农,black
7791274866,25968819750206391X,13391331423,6254415906086485925,19,6,13,6,85,100762,658055,31393,0.392,0.409,0.676,2,windows,成都,电信,务农,black
7901190626,52208019971225352X,19969308687,6264371051596868563,28,9,5,11,28,49815,408159,48665,0.414,0.5,0.852,7,web,上海,联通,企业职员,black
2393391905,482176198709188919,15097396568,6280309222853859721,192,21,6,2,9,30260,164803,11206,0.362,0.267,0.484,2,ios,武汉,联通,自由职业,gray
5300601284,256610197910138097,15085250769,6282522141977399247,41,51,6,5,15,43481,137593,20841,0.243,0.376,0.508,0,android,深圳,电信,自由职业,gray
6550496857,181761197007086971,13895496944,6205145493031836848,9,15,34,4,71,104247,394778,36729,0.551,0.734,0.655,8,windows,广州,移动,自由职业,black
3925062176,63843619850113880X,13373964292,6212611255466253263,319,31,7,3,24,38808,196002,23094,0.374,0.28,0.446,0,ios,武汉,移动,自由职业,gray
7801881772,36809619860805768X,13388544816,6267663363293345708,785,151,0,1,8,955,29289,1440,0.139,0.23,0.091,0,ios,深圳,电信,学生,white
7666384692,155642200107076851,19922274917,6226319477351156634,41,10,10,4,32,118020,322123,54347,0.533,0.54,0.498,1,windows,北京,电信,个体经营,black
5281992138,386304199109024807,13325119085,6279419730294771598,53,12,29,10,49,61654,598622,43650,0.641,0.72,0.708,6,windows,北京,联通,自由职业,black
2901605413,634932199004104681,15074344377,6230201181000155581,218,55,7,6,20,14857,184591,13793,0.269,0.313,0.329,1,android,武汉,移动,学生,gray
8057933515,546378200304070232,18602782016,6207945310925975907,42,5,35,5,63,49956,641089,84272,0.573,0.759,0.653,4,windows,杭州,移动,退休,black
3501865861,256648198410187442,19901694848,6246724348072546149,323,42,2,3,23,19623,63987,13229,0.298,0.415,0.501,0,android,武汉,移动,企业职员,gray
4578036661,36068319710604337X,19977298306,6207973694785150472,351,18,7,3,9,23982,84010,22239,0.317,0.315,0.241,0,android,武汉,移动,个体经营,gray
2405083037,336689197106030272,13944621573,6283662533737269950,3624,46,0,2,13,6156,5249,2989,0.138,0.075,0.277,0,ios,西安,电信,个体经营,white
4780998155,647546198408139273,19978910242,6224197350824523373,285,29,2,5,9,22643,162150,20387,0.319,0.462,0.242,2,harmony,西安,联通,个体经营,gray
1062007961,403083198604111633,13377866384,6250061235173520538,423,109,0,2,3,6608,25701,3039,0.132,0.154,0.086,0,android,北京,联通,学生,white
9258845112,450682199801020801,18621889598,6215427406696145063,66,13,36,14,54,72443,325037,84511,0.618,0.721,0.622,5,web,成都,电信,学生,black
0854321443,643948196805064802,15031004644,6253786662259131631,266,38,5,4,23,44153,188607,18176,0.238,0.482,0.436,0,android,杭州,移动,个体经营,gray
3607019031,174788197009094212,13354381398,6212506554809281101,3266,103,0,3,18,1781,12943,1738,0.016,0.04,0.291,0,harmony,杭州,联通,企业职员,white
6725505609,20671919690717889X,15079533614,6291826561003103447,89,12,30,14,28,46469,740167,67188,0.408,0.519,0.527,2,web,成都,电信,退休,black
1641127478,379927198506175429,13816664971,6294224689510484464,287,29,7,6,20,37645,115413,18145,0.273,0.493,0.524,1,android,武汉,移动,个体经营,gray
6045153971,115602199701071278,13953168466,6207690961554097785,1732,121,2,1,5,4202,31249,3896,0.06,0.119,0.153,0,ios,西安,移动,学生,white
8089313157,212373200301219560,13961275128,6265196314996921598,66,17,4,6,20,24180,113834,8611,0.181,0.492,0.354,1,ios,北京,联通,自由职业,gray
5383189318,50624719960625003X,15045489653,6276869653957148607,1519,180,2,3,17,1307,14673,3892,0.023,0.025,0.118,0,android,西安,电信,退休,white
1409737905,419369198302055826,13990040464,6237008578099026782,1867,152,0,3,10,1223,27175,1013,0.145,0.06,0.095,0,ios,杭州,移动,退休,white
6858348773,181090198009229920,19952720153,6237165334149887635,35,17,24,14,70,53906,766102,63245,0.78,0.421,0.899,2,web,深圳,联通,务农,black
7261174628,621536199110107906,19958018637,6274512071776397952,285,29,6,2,25,44968,110150,6437,0.353,0.223,0.53,2,harmony,西安,电信,企业职员,gray
8039371477,344113200310113062,13329438414,6247698587016495588,44,6,15,6,29,104599,589616,67001,0.569,0.73,0.523,2,web,深圳,电信,自由职业,black
9672969928,358906197904156188,13318587920,6243215319829434437,3172,107,1,3,3,7920,24850,1924,0.062,0.094,0.046,0,harmony,西安,联通,自由职业,white
7787225488,141344199903274526,13876763913,6279193535963287111,77,22,4,4,27,17366,136663,19723,0.379,0.315,0.152,1,ios,西安,移动,个体经营,gray
5859006502,150659199402044382,19920996623,6293859607391057893,60,23,28,7,74,60704,535778,67294,0.617,0.495,0.543,7,windows,上海,移动,务农,black
4017242756,439066196704224586,15072412825,6297566875334676665,48,14,12,8,48,91658,291750,34344,0.675,0.585,0.561,7,windows,深圳,联通,学生,black
5107060981,339506199112104095,13852672149,6249513789946360293,59,10,11,14,72,50405,217292,47425,0.758,0.761,0.722,8,web,西安,移动,学生,black
3529699915,488976198708041792,13922166922,6248432160704997031,71,24,35,8,57,80273,388667,20423,0.428,0.401,0.416,6,web,上海,联通,务农,black
5367570749,333501198610170054,13353241555,6227453861074482815,2696,177,1,3,6,8154,29569,2699,0.152,0.176,0.072,0,android,杭州,移动,学生,white
7919263187,504808198406117446,18623088898,6258537647798408487,30,11,32,13,83,102384,540593,59206,0.782,0.645,0.651,7,web,武汉,电信,企业职员,black
0639463293,183953196810159481,13318824975,6285823267732031013,2501,142,1,3,17,5712,39107,2920,0.134,0.025,0.112,0,ios,深圳,联通,退休,white
5032036018,201542200110229149,13872286886,6289581532393525717,3198,56,0,3,4,1857,24233,1498,0.088,0.165,0.278,0,ios,杭州,电信,个体经营,white
4879450321,155993199412019240,19985398984,6294475732501080469,837,30,0,1,8,5017,36286,1915,0.136,0.056,0.287,0,android,北京,电信,自由职业,white
4307956570,230325197703063284,13334614322,6201286760035159840,1372,68,1,1,15,5185,24595,2699,0.126,0.064,0.114,0,ios,杭州,电信,企业职员,white
2430538488,54701119860315665X,15012932339,6233230652913334557,3224,110,0,3,18,2925,19057,3826,0.044,0.209,0.008,0,harmony,杭州,电信,个体经营,white
8892514454,285926199107099769,19990703612,6214108088366347108,7,5,38,14,74,112228,361746,43452,0.563,0.557,0.859,5,web,深圳,移动,学生,black
5955917643,238391198102115401,19913328911,6226488873576097579,1499,59,2,2,3,8835,37206,3473,0.186,0.048,0.254,0,ios,西安,电信,个体经营,white
8624298201,499031197903093935,15011866368,6200963212122761439,2488,174,2,1,14,3980,21953,432,0.137,0.197,0.075,0,android,广州,电信,个体经营,white
7710245722,35004819960227060X,13315829568,6235263238315049251,136,55,1,5,16,35909,216485,17303,0.333,0.103,0.224,2,harmony,成都,移动,学生,gray
0527012281,196911200101104244,19950643010,6228362550716208981,203,39,1,5,21,21175,198287,12483,0.243,0.197,0.416,2,harmony,西安,电信,学生,gray
9992223412,306714196704188474,18662030715,6268039938506205813,257,41,8,5,16,37123,198805,17013,0.393,0.339,0.195,0,harmony,北京,联通,自由职业,gray
5084944112,142500198205053284,13870369576,6262374350473574254,73,26,23,4,36,115995,737688,74536,0.716,0.849,0.555,4,windows,西安,联通,务农,black
7900176520,483221197002115864,13836012568,6282489704554335025,3376,198,2,1,13,4400,9331,2655,0.131,0.014,0.11,0,ios,深圳,联通,企业职员,white
1757622196,534301197012243176,13321821189,6249486081285516767,59,15,39,4,49,40166,812967,65977,0.556,0.302,0.648,7,web,深圳,联通,自由职业,black
2909909562,455625200203236656,18605787276,6250419284931219722,88,8,21,12,63,62415,413218,80832,0.555,0.792,0.88,4,web,深圳,电信,退休,black
5411467911,218940199808025009,13309625772,6225557857832596628,8,16,15,10,77,75460,691189,84541,0.693,0.674,0.559,3,windows,武汉,移动,务农,black
5693563277,50543819850925122X,13979596627,6252715956546500326,3968,171,2,3,18,8575,5332,3532,0.181,0.081,0.091,0,ios,深圳,移动,学生,white
5147467901,430185198208037349,13307336982,6268853365954177854,31,22,26,6,52,56393,737967,22111,0.771,0.715,0.793,4,web,上海,联通,企业职员,black
0192446805,597752199308199123,18631088484,6266651764379052309,75,16,38,11,24,76773,388044,63810,0.771,0.318,0.516,3,windows,北京,电信,自由职业,black
7722394112,436435200203088151,13975033575,6272651999468082950,87,21,26,8,55,82567,368400,20752,0.596,0.526,0.569,7,web,北京,联通,个体经营,black
8488640139,186235196510034657,19941976670,6264909618556191223,241,30,2,2,10,19363,223934,7548,0.211,0.317,0.305,1,harmony,广州,电信,退休,gray
4209310980,545526197201077153,19925674050,6204646711891237617,994,49,1,1,12,1171,37045,887,0.06,0.041,0.155,0,harmony,成都,电信,学生,white
5134929631,252641198207182491,15021061656,6200161032875040029,79,9,12,8,37,83492,614278,27845,0.583,0.609,0.896,2,windows,北京,电信,个体经营,black
4117920767,447529199109017982,15076564276,6296199982358604555,95,23,6,3,18,28191,221736,21176,0.195,0.224,0.419,1,ios,杭州,联通,自由职业,gray
2097961512,620340199110225973,13831797689,6269028536335176740,64,21,15,6,57,56239,802488,60417,0.537,0.332,0.782,8,windows,深圳,电信,个体经营,black
6871650583,571641199309123229,13937843889,6255750142052957411,55,9,14,14,23,101118,394582,81351,0.473,0.642,0.891,6,web,武汉,电信,务农,black
6746069932,438326196608077265,19957659650,6251569601983836348,242,54,3,5,13,35590,137099,6860,0.209,0.306,0.348,1,harmony,西安,移动,个体经营,gray
1985998514,172557198208123080,13339999521,6204102406399423559,26,8,28,4,39,113391,464525,48442,0.503,0.753,0.793,7,web,武汉,移动,个体经营,black
8061096067,259760196501272434,18648802671,6209106803631886162,19,28,30,10,60,107394,409974,70953,0.606,0.411,0.767,1,web,武汉,移动,学生,black
8068153776,395314197901053739,19998393558,6214087306727489287,2582,135,1,1,13,3730,28273,3100,0.084,0.211,0.287,0,android,西安,联通,务农,white
7762034559,287181199611084801,13392969629,6209485519046149124,54,7,21,7,87,94586,289845,23881,0.449,0.88,0.687,3,windows,成都,联通,务农,black
8499837218,544713197507249835,13846164014,6213048753768497115,237,13,4,6,27,32454,133436,19052,0.236,0.141,0.485,2,android,上海,联通,企业职员,gray
8493778459,366807198504188875,13926276569,6211120843275687215,19,20,17,6,87,91060,278632,76331,0.564,0.475,0.751,5,web,武汉,电信,学生,black
5396485855,336050199307199844,15021462259,6229380959424202455,227,22,8,5,23,10819,193456,11469,0.329,0.221,0.486,1,harmony,上海,移动,退休,gray
3775485950,386309197712279334,13352918843,6214924974300006319,12,28,22,5,76,99955,374912,27302,0.645,0.688,0.593,4,windows,西安,联通,企业职员,black
6684855149,324989196802167319,13936578268,6245953926943719791,2855,127,1,1,7,7998,35472,685,0.119,0.047,0.063,0,harmony,上海,电信,个体经营,white
7039109014,391335199407112108,13356614414,6292040890035116110,2786,41,2,3,14,1372,34662,2437,0.183,0.115,0.015,0,android,成都,电信,企业职员,white
1892765998,26739919881004181X,15045704068,6205989395400038405,2094,144,2,1,5,3744,12165,3769,0.003,0.061,0.03,0,harmony,上海,移动,务农,white
5949538564,412721198111173547,13882561690,6229132817868577555,58,28,6,9,42,96387,718785,31358,0.639,0.634,0.854,3,web,杭州,电信,企业职员,black
8592792213,623054197902041346,18691893169,6247125532222800610,2736,183,2,3,15,8224,23326,1479,0.041,0.174,0.064,0,android,北京,移动,学生,white
7676601160,307569199301223604,13943060175,6295719972503251460,852,101,1,1,16,7232,18009,3931,0.189,0.115,0.28,0,ios,杭州,联通,务农,white
0607953663,53006519791128642X,13871752248,6207597094983298481,50,11,39,4,51,76649,278160,43332,0.786,0.424,0.681,1,web,广州,移动,退休,black
4791783876,585894198112260094,13808211794,6211564952089590078,202,49,3,2,14,40961,129648,20606,0.233,0.17,0.518,1,android,成都,联通,学生,gray
0523606560,515029199304113401,13860451123,6261219495729273028,305,44,1,5,27,39796,142414,18591,0.436,0.269,0.535,0,ios,深圳,联通,学生,gray
9763206203,368955198606217402,13800134424,6271716879547360015,48,28,26,8,77,55038,631651,36598,0.661,0.652,0.866,1,windows,广州,移动,务农,black
5990319823,149273197402198536,13865506850,6252371447761808068,82,9,5,8,90,81790,338591,86343,0.639,0.547,0.675,8,windows,广州,电信,学生,black
9525953718,373919197805100616,15089843483,6214525060081135333,41,17,38,8,66,93741,388299,63710,0.476,0.541,0.552,5,web,杭州,电信,企业职员,black
9710513714,437982198904256417,19993570707,6216255225600561606,60,10,19,13,81,36217,684642,28538,0.468,0.448,0.414,6,web,西安,电信,企业职员,black
5606989302,316477200203075050,19913868163,6222287924230708091,1986,33,1,1,4,1083,35377,2244,0.048,0.051,0.158,0,android,深圳,联通,个体经营,white
1103759597,228560197011207056,18634298984,6288140426298458280,80,11,7,3,16,24238,226065,15473,0.283,0.237,0.231,1,harmony,武汉,电信,退休,gray
8411256992,402675196511235612,13394396549,6269965896722423644,1246,120,2,1,17,7441,24043,517,0.024,0.139,0.234,0,harmony,西安,移动,自由职业,white
1245979212,582048197804078045,18623460157,6247710743355302751,82,19,35,11,75,61214,400156,71208,0.553,0.758,0.5,8,windows,上海,移动,学生,black
0883540529,230922199212178571,19927255462,6266274760872654423,85,26,33,8,79,31225,823404,86495,0.615,0.72,0.83,3,windows,杭州,电信,企业职员,black
5733998874,242140196511096376,13330313958,6276909767895461678,67,16,17,15,86,83104,731346,79557,0.597,0.652,0.683,4,web,北京,联通,退休,black
3944131663,370786196912287439,13938675388,6267282014449208165,3632,36,1,2,11,1756,34314,2380,0.111,0.249,0.018,0,android,杭州,移动,学生,white
6863091197,36011519810822593X,15094320751,6257316606122427075,198,47,3,5,16,43374,149509,18781,0.254,0.19,0.363,2,android,西安,联通,自由职业,gray
4561661216,295319200108140178,18605194901,6210190792384048591,19,26,14,9,44,48631,764472,37916,0.378,0.349,0.438,3,windows,成都,联通,学生,black
0713775896,465409199102016386,13371619599,6213721156103004171,42,29,7,14,66,33751,464100,26496,0.449,0.862,0.553,1,windows,广州,联通,自由职业,black
7645507785,246572198806065890,13868494787,6296677246386252296,76,21,8,9,20,115516,615545,62088,0.729,0.725,0.696,7,web,深圳,电信,学生,black
9404498957,652464197305221943,13962979928,6269599770563675693,232,16,4,5,20,29224,112283,9705,0.325,0.49,0.233,1,ios,上海,移动,务农,gray
0511983656,446846196809100585,13322147060,6231442542607621264,724,102,1,2,13,3884,14257,2588,0.18,0.221,0.082,0,android,广州,移动,学生,white
9378673084,210991197611202518,13869210357,6295052738471365494,964,130,1,1,10,6526,27658,3610,0.101,0.242,0.13,0,ios,深圳,移动,务农,white
7803233380,38739019751201809X,18648059703,6279242147421064070,1677,49,0,3,13,2508,4069,1372,0.15,0.179,0.179,0,harmony,北京,移动,企业职员,white
5932213135,477340197904065904,13380681728,6267602261314878058,53,9,26,5,63,91200,555591,51893,0.775,0.382,0.515,4,web,杭州,移动,学生,black
5196714417,578070199312195687,18600073010,6203870917812185758,259,12,4,2,13,10811,230472,9857,0.438,0.47,0.284,2,ios,西安,电信,退休,gray
2629316110,128031197005254539,13948261856,6203141950698681891,61,10,33,13,77,108190,406332,28837,0.358,0.662,0.465,6,web,杭州,联通,自由职业,black
3063332690,351697198302145079,18669385926,6239382245981801437,1396,181,1,2,13,1086,11829,3907,0.126,0.044,0.175,0,ios,杭州,电信,学生,white
8787626747,30202219830511602X,13349421149,6204572094753852584,3490,122,2,3,17,7237,7487,3264,0.028,0.01,0.288,0,harmony,武汉,移动,企业职员,white
2351562948,517640199110072022,13906198367,6296002789446666681,2487,171,0,1,14,5038,13873,3851,0.146,0.212,0.204,0,android,杭州,移动,学生,white
4407640263,295065196712229065,13823997530,6270400376313493858,1564,49,1,2,2,2855,32319,2616,0.046,0.055,0.269,0,harmony,武汉,电信,务农,white
8580014192,438373197102158243,13892527576,6254216814685559360,237,11,8,5,22,32051,239288,20417,0.396,0.245,0.494,2,ios,成都,电信,企业职员,gray
1647613821,53219119791022654X,19907311285,6235625128382638654,2563,71,2,3,4,7059,11603,1238,0.127,0.211,0.224,0,harmony,杭州,电信,学生,white
3785412868,25044219770624913X,13950380529,6266959806656023605,344,33,6,2,19,27302,222646,20996,0.259,0.125,0.195,1,android,成都,移动,务农,gray
7992674971,653398199403068583,13828534176,6239001703475620412,633,160,1,3,10,5481,9301,2267,0.055,0.097,0.216,0,ios,成都,电信,退休,white
7810089327,500758196907097489,19907389509,6291749543919020638,34,18,5,4,21,49190,614553,48702,0.652,0.631,0.723,7,windows,成都,电信,企业职员,black
3209424666,559939199009134157,15016513344,6253672402358537243,73,28,37,9,85,33842,823732,22837,0.728,0.786,0.515,8,windows,成都,移动,务农,black
5316541029,453808199402124378,18646072121,6239694679434763469,187,53,6,3,26,15101,218312,11772,0.395,0.418,0.197,2,android,武汉,联通,企业职员,gray
5435829552,246913198705010143,13330680665,6211585043922625315,588,75,2,3,8,7824,17156,3864,0.053,0.162,0.202,0,android,深圳,电信,企业职员,white
2341930834,229244198004119758,13356395312,6239456269277366158,59,19,13,15,38,49314,451457,64708,0.382,0.381,0.841,6,web,西安,移动,退休,black
4202516904,283841199604042486,15069394115,6245320960655073513,19,29,17,4,69,88851,297747,77864,0.495,0.648,0.788,1,web,武汉,联通,务农,black
6987640192,461934198403141551,18683163391,6231096201706687917,272,48,7,3,19,12268,133185,24704,0.388,0.215,0.391,0,android,深圳,移动,学生,gray
2329781009,506894197901269932,15072204424,6295505195309241667,51,15,12,5,71,118104,276401,34411,0.613,0.824,0.783,2,windows,上海,移动,学生,black
1597516009,118501197001038358,19963492729,6240023407309842460,1491,59,2,1,17,7037,31640,3183,0.074,0.197,0.135,0,android,上海,移动,退休,white
2454965730,535362198509280974,13997772241,6282884147525706140,3179,51,0,3,15,528,3298,2347,0.004,0.18,0.137,0,harmony,西安,联通,企业职员,white
8585052841,226677198611068894,13996768478,6261287549157346318,3840,173,1,1,6,5626,30540,3460,0.132,0.05,0.087,0,harmony,西安,移动,退休,white
1013674707,440227200402191463,13322432909,6282411360442479312,88,14,23,7,65,119949,355671,72402,0.51,0.844,0.498,8,web,北京,移动,退休,black
2796454001,230900198911274617,13939983169,6232025022571765214,595,157,2,3,11,2503,9123,3429,0.01,0.098,0.168,0,harmony,上海,移动,自由职业,white
0699669811,582484196603277998,15030947881,6249404996736124087,120,19,2,2,14,14709,219513,18807,0.315,0.463,0.233,1,ios,西安,联通,退休,gray
5379210290,484472197602027663,19961931783,6212187928201965399,60,26,3,4,35,53847,504886,25697,0.499,0.839,0.881,4,windows,西安,移动,自由职业,black
2719992060,174818200007181167,18687871070,6249134551087631368,280,51,8,5,18,20457,201726,16839,0.417,0.255,0.322,0,ios,上海,电信,企业职员,gray
7577734567,326673199507032136,13301144135,6244221224551432121,4,5,13,9,64,105921,232036,59891,0.385,0.612,0.503,4,web,西安,移动,务农,black
4915762851,190162196806286660,18629754216,6254556084417425175,265,29,8,5,24,14367,213633,16896,0.298,0.379,0.373,2,android,成都,联通,个体经营,gray
9061974994,125609198006173130,19994889233,6297160290790081708,31,5,4,7,55,73685,740116,39439,0.547,0.575,0.844,1,windows,广州,电信,企业职员,black
0100683888,398506198909068998,13372108071,6236611737860525960,3401,189,0,2,7,2648,39734,1411,0.041,0.223,0.021,0,harmony,西安,移动,学生,white
2396296125,34958320010521062X,13342174557,6217675961110312552,72,30,6,7,49,64989,455606,61219,0.497,0.699,0.534,6,web,西安,联通,企业职员,black
5003987414,15334719931026943X,13331350818,6258131632715248136,263,60,1,3,8,14081,230962,9904,0.18,0.268,0.417,0,android,成都,联通,务农,gray
1010713071,356884200008114295,13900081726,6281946736836603983,58,21,32,14,88,51738,891920,52504,0.376,0.743,0.413,5,windows,成都,联通,务农,black
2746397958,558211199904107287,13310221497,6253118269207370382,214,13,2,3,23,18555,154431,8598,0.241,0.338,0.336,2,harmony,广州,联通,自由职业,gray
4160146268,583924198510178442,18690473320,6214886063649610428,912,85,0,2,10,7499,22935,3674,0.097,0.061,0.196,0,android,北京,移动,自由职业,white
4454486121,417545199904115443,15006312992,6219653550891542395,3359,66,0,1,2,780,30854,2667,0.121,0.102,0.252,0,ios,深圳,联通,自由职业,white
7315075637,619133198407202545,13929866871,6207227575187575881,361,17,5,4,19,21679,156101,13720,0.361,0.356,0.324,1,harmony,成都,联通,学生,gray
8745973629,188951198303056500,19901432638,6271469003231302660,327,58,6,4,15,41134,247237,11892,0.182,0.426,0.321,1,ios,广州,移动,企业职员,gray
0924120182,509459196804217180,13302367777,6205736276823849857,75,16,36,9,50,41589,602609,79847,0.537,0.689,0.41,2,windows,上海,移动,企业职员,black
0881238262,124439199707266229,13324724585,6208538019200935891,3955,39,1,1,2,3595,33980,2514,0.115,0.093,0.27,0,harmony,北京,移动,个体经营,white
9655165588,309535200203232772,18635016678,6232978777821785762,1012,175,1,2,2,1033,25809,2051,0.127,0.183,0.106,0,android,广州,联通,退休,white
7410479914,652566198407113261,13987851515,6290258279314347411,74,8,22,9,34,87129,753454,80563,0.792,0.666,0.456,3,web,杭州,电信,学生,black
1066274129,133429199409133375,13958662934,6216178636704331028,1426,159,0,3,15,8702,18114,376,0.078,0.226,0.007,0,android,西安,联通,企业职员,white
9124939575,265481197708261641,13898220377,6264058030634741350,54,5,10,9,59,45638,816501,82863,0.443,0.674,0.87,2,web,上海,移动,务农,black
4030729786,611492196810233584,13398132728,6268342417227814966,40,7,15,5,88,43203,332032,20344,0.442,0.418,0.716,5,web,深圳,移动,企业职员,black
8323986504,217351198210128248,19967743165,6230254338166694809,2541,161,0,3,11,5907,34194,3179,0.107,0.004,0.296,0,harmony,广州,移动,学生,white
8349770188,489596200303044812,15007672282,6229231472577056156,1488,111,1,1,10,8023,11561,438,0.128,0.129,0.086,0,android,杭州,联通,退休,white
8122642763,171328199002049893,15017420744,6270759997633486510,37,30,27,8,26,117838,379271,69873,0.542,0.716,0.675,7,windows,成都,联通,学生,black
3401395682,634048198105093355,13866339344,6262354185673798191,912,99,2,3,4,1606,18830,1464,0.063,0.085,0.197,0,harmony,杭州,移动,退休,white
3621133908,33620519700512971X,19929155110,6290243027942116318,285,50,7,4,12,30241,216901,16484,0.327,0.38,0.408,0,android,西安,移动,个体经营,gray
8278572232,191638197603286469,13890761858,6229795815710789960,2537,130,2,2,10,2234,6976,2185,0.159,0.229,0.281,0,ios,深圳,联通,退休,white
6615737078,553111199412065043,13930904865,6268447987734934476,2,22,36,9,72,33406,724885,30210,0.425,0.392,0.512,6,web,北京,移动,学生,black
0463357970,584300196905121367,15083965246,6295161025520129071,3946,153,0,1,2,7970,4476,2305,0.065,0.044,0.231,0,android,成都,联通,务农,white
9816206611,355121199802186330,13837339139,6270914964115916380,345,53,8,6,25,35673,61027,18578,0.161,0.121,0.156,1,android,武汉,移动,学生,gray
4438550327,261307199207022169,13953147699,6218120607660633960,1126,172,1,2,7,3340,10284,1714,0.137,0.107,0.263,0,android,广州,电信,退休,white
1028688512,602494199802162518,15027418469,6294171756994858833,2686,179,2,2,16,6969,13973,3133,0.107,0.204,0.092,0,harmony,武汉,电信,学生,white
4972441253,344747199708282813,18621937502,6276881841974079064,86,30,15,9,48,70075,498246,22581,0.468,0.854,0.683,1,windows,上海,电信,务农,black
1497365904,400938197105272313,18645768119,6277284510480323514,172,54,3,5,20,21736,174089,9689,0.249,0.487,0.442,0,android,杭州,电信,退休,gray
5555871868,479655199503222932,18615254995,6267716615450252789,189,13,4,3,29,30634,68894,24308,0.245,0.374,0.194,1,harmony,成都,联通,学生,gray
2907163468,629278199111026659,13861144585,6200338542830853057,39,12,3,10,68,30795,409890,35071,0.483,0.62,0.768,8,windows,西安,移动,退休,black
9664524191,293866197902062218,19920602258,6289718701530921749,321,18,4,4,15,35259,114771,12101,0.442,0.178,0.398,1,harmony,杭州,联通,个体经营,gray
2104639736,654593198007096237,18695920008,6292748190465173547,3278,130,2,1,7,1056,21618,1129,0.042,0.083,0.136,0,android,上海,移动,务农,white
0409318739,167670200101251623,15049085385,6259002949630869823,2371,62,1,2,4,3063,6949,1947,0.087,0.168,0.073,0,android,深圳,联通,企业职员,white
8302900181,396136198106165140,19907470064,6283983117045334562,12,15,37,14,76,80937,321971,43112,0.458,0.333,0.882,7,web,广州,移动,个体经营,black
7110832187,148039200107230912,15090049990,6235996397680368180,1264,155,0,2,6,6568,21065,1179,0.11,0.1,0.203,0,ios,北京,移动,务农,white
7222520107,262413199310064210,13861952251,6248069432568220956,2712,75,1,1,8,1878,19334,2467,0.132,0.234,0.119,0,ios,西安,电信,退休,white
5980417833,581526198804131533,19955750812,6253333769861258399,72,18,13,8,80,91028,828753,44244,0.61,0.4,0.561,6,windows,北京,移动,务农,black
3436798608,575173196604056361,13934295121,6225166477886280038,1258,37,2,3,3,2176,30644,3779,0.037,0.127,0.192,0,harmony,杭州,联通,自由职业,white
4827283024,247975197606093622,13360454732,6249238289057336192,996,192,0,3,9,1238,18278,2132,0.018,0.108,0.139,0,ios,西安,移动,企业职员,white
4522249454,520772197710029288,19999775732,6294814965829528635,46,23,30,11,77,72906,867533,74006,0.441,0.781,0.74,1,web,武汉,联通,务农,black
0328115979,353237197306179029,18600619125,6202782141840592437,3208,200,0,3,7,1961,16712,2330,0.07,0.074,0.276,0,ios,武汉,联通,个体经营,white
5072891939,430848196604082898,13978013613,6224135488202767739,317,54,2,4,15,39019,232833,11438,0.273,0.127,0.423,0,harmony,上海,联通,个体经营,gray
0248008030,447346198706191903,13307757188,6276090331721681332,58,15,4,11,67,43995,325544,64141,0.743,0.727,0.78,8,web,广州,电信,企业职员,black
8562060026,240344200411237704,13840155921,6240915465883599349,2363,60,0,3,11,7698,35494,3934,0.169,0.082,0.129,0,android,杭州,移动,退休,white
0737430996,253219198111030851,13871781554,6280245270638554747,609,113,0,2,4,6989,15927,1013,0.175,0.11,0.057,0,android,西安,电信,个体经营,white
0001410583,395793200210264810,15074240462,6238309315546843014,14,29,24,11,39,98076,519812,38604,0.66,0.788,0.736,4,web,成都,电信,学生,black
0508812835,545422199802024729,13849503205,6230301693535038080,744,125,0,3,16,4365,29254,3086,0.036,0.075,0.0,0,ios,杭州,电信,自由职业,white
1326422497,507039197003018362,13834525923,6255620897492056147,327,35,1,6,15,30981,241542,16588,0.208,0.295,0.423,2,ios,北京,联通,退休,gray
7793770592,225382199307082767,18633899970,6266340114533925664,73,24,39,5,80,108065,317738,87262,0.597,0.372,0.772,8,windows,上海,移动,企业职员,black
7876443408,429231198210109603,13924247133,6256920410525979994,86,9,35,7,25,111965,846357,64638,0.737,0.367,0.449,3,windows,西安,移动,个体经营,black
6027287575,570149197010266250,19979861945,6297286501787541246,3439,83,0,3,14,986,27706,1567,0.012,0.235,0.219,0,harmony,广州,移动,学生,white
5740594873,48331519750116076X,18674176357,6295344933585305907,83,13,23,14,67,51745,627292,25996,0.68,0.872,0.854,5,web,深圳,电信,退休,black
3740194926,544814200210062883,19985835413,6210409058794328393,56,14,40,15,70,56726,866383,74638,0.756,0.334,0.511,8,web,深圳,移动,个体经营,black
3988889527,609846197411269586,18638303511,6280959415150363771,3,24,4,14,45,109737,674955,48578,0.362,0.645,0.511,1,web,杭州,移动,退休,black
6689866745,587044198503287099,15012605441,6224560194691735029,323,59,2,6,23,24826,134812,20066,0.164,0.356,0.329,2,ios,广州,电信,自由职业,gray
9669575122,460110199102284581,15081262742,6245936339272000970,11,9,12,8,89,77400,705533,86927,0.453,0.445,0.445,7,web,广州,移动,务农,black
4733062080,468180199303098905,13388239235,6215466961788022530,206,18,2,6,15,20851,105276,24128,0.37,0.4,0.307,1,harmony,武汉,电信,自由职业,gray
7673832176,53997219710815298X,13362348789,6275198584261475641,637,200,1,2,5,6744,9896,2030,0.036,0.111,0.077,0,ios,西安,联通,个体经营,white
7756252911,216471198902272020,13373107209,6243863176545843791,1679,37,1,1,12,5400,30353,872,0.131,0.044,0.273,0,harmony,杭州,联通,学生,white
7760669727,56478019910316278X,19943061506,6248839895240541226,201,25,7,6,24,16414,183517,20071,0.275,0.463,0.38,2,ios,武汉,移动,务农,gray
5338782193,50974719920822494X,13866586136,6248310739264428789,326,51,3,4,30,39143,142997,8806,0.379,0.242,0.189,1,ios,北京,移动,退休,gray
9624159131,208343200006044974,13831849899,6270936955360936819,24,14,7,12,81,37792,851499,24446,0.428,0.623,0.718,3,web,上海,移动,务农,black
6605755598,28586519870618873X,13865101993,6258269544902127704,135,50,5,4,22,17735,239225,17214,0.388,0.342,0.387,1,harmony,北京,电信,务农,gray
1565195367,237342198701028987,13315649310,6294805220345409646,1512,168,1,2,5,2483,14312,2705,0.104,0.192,0.258,0,ios,杭州,联通,自由职业,white
0632938894,572580198807081650,15012280134,6228341305184006466,80,30,27,7,57,80102,533020,89163,0.557,0.824,0.711,5,windows,杭州,联通,企业职员,black
8043511521,591114196704082957,13818738912,6229839870325327788,317,14,3,2,23,26743,86263,17002,0.415,0.374,0.311,1,harmony,广州,移动,退休,gray
1781317170,643353197510103329,13308996831,6232282435766803648,1682,161,0,2,3,8229,36664,1596,0.016,0.026,0.24,0,ios,广州,电信,学生,white
7143096682,32346219890716620X,19924620260,6257888070377006652,1663,185,2,2,2,8985,9364,1940,0.131,0.22,0.119,0,android,深圳,移动,退休,white
0679460356,356576196803287047,19981405522,6274193436894790999,172,42,6,4,12,8720,69980,15489,0.222,0.408,0.249,2,ios,武汉,联通,务农,gray
1996823703,303489198512154750,13949194940,6272776474680315535,3257,31,1,1,7,4373,14017,2339,0.067,0.124,0.297,0,android,广州,电信,自由职业,white
4256882617,564032200010268793,15078308473,6221903256559407143,249,58,1,3,20,44215,93701,8054,0.295,0.212,0.54,0,android,成都,移动,企业职员,gray
3549808698,30413819670826417X,13848581804,6232117353452535620,112,53,3,2,30,29663,229321,15618,0.344,0.336,0.4,1,android,广州,移动,自由职业,gray
0987860701,245233198504082423,13953230127,6215683133842687797,35,19,25,11,21,98942,545199,79385,0.35,0.879,0.421,1,windows,杭州,移动,学生,black
9366081875,58736019920917524X,13307727202,6244691217712318813,3380,81,0,2,9,3586,18782,3428,0.134,0.032,0.019,0,harmony,西安,移动,自由职业,white
7851080695,201530199404043243,15018643314,6244291937696222859,59,5,15,12,24,42259,338617,86716,0.501,0.714,0.518,8,windows,上海,移动,企业职员,black
7573679377,352770197706175173,15007947779,6281869491238751477,3008,111,2,2,8,8768,10554,2034,0.19,0.133,0.199,0,ios,武汉,联通,个体经营,white
8020418529,182522199101263298,19920883493,6219396004358057682,1994,75,1,3,17,1341,20244,1886,0.028,0.046,0.097,0,harmony,广州,电信,自由职业,white
4107848968,317943199102185161,13857122447,6281327889138361408,40,6,8,11,86,65202,258900,39569,0.362,0.48,0.406,3,windows,北京,电信,退休,black
3680805668,623658196610125285,15026597688,6218382882295860349,140,15,7,3,27,41865,158010,6013,0.434,0.357,0.225,2,ios,广州,电信,务农,gray
7511580825,337626197311178988,13974993719,6260749295746879818,989,50,2,2,11,1906,38050,2308,0.06,0.154,0.033,0,harmony,广州,移动,学生,white
5930524067,512626198307126986,13395254730,6260064349304772017,50,22,26,14,58,41786,343053,59151,0.469,0.368,0.53,4,windows,上海,移动,企业职员,black
7728312813,147286197707053971,15010084570,6257010287627850529,59,30,19,4,68,46113,760933,48671,0.405,0.621,0.425,6,windows,广州,移动,务农,black
8539105944,535244199206235140,18686260070,6275535577965492127,61,12,3,11,53,46482,646606,41347,0.531,0.607,0.691,2,windows,西安,电信,自由职业,black
3289372616,372574199705193187,15053424815,6296831438346978579,22,19,31,12,62,75645,797733,37862,0.737,0.473,0.592,5,windows,西安,移动,务农,black
9932647749,534236200106259282,13302212389,6258952209521795075,85,10,32,11,31,63314,881072,43387,0.699,0.849,0.423,3,web,西安,移动,退休,black
1419925597,311353197705116536,13937233468,6268902170822709524,1019,195,0,3,10,6269,16399,1404,0.086,0.049,0.037,0,ios,杭州,移动,务农,white
5435871652,38104819710108660X,13854051414,6265886415135510013,79,26,27,9,55,36241,855108,30937,0.365,0.778,0.503,2,windows,武汉,移动,务农,black
6816266546,520105198805127624,15066370228,6236848711870289039,49,27,40,15,36,38131,810294,49068,0.6,0.377,0.447,7,web,广州,电信,个体经营,black
8069974225,245921197807021165,13844400958,6274938470055113897,339,50,3,6,10,39964,85266,8985,0.371,0.404,0.173,0,harmony,西安,联通,退休,gray
1394563032,593878200101089865,13848029422,6268904562491510891,73,16,3,10,26,102731,777984,28762,0.595,0.302,0.412,6,windows,西安,移动,企业职员,black
9077424338,331926197706155173,18601278794,6274060897876540965,79,25,22,13,70,45844,775976,47815,0.617,0.528,0.641,2,web,广州,移动,学生,black
7593878729,599368196608125608,18605621481,6266813473458817699,284,53,3,4,22,39712,240892,20671,0.214,0.262,0.35,2,android,杭州,联通,个体经营,gray
5107451598,143472200011175985,15059005885,6279259892630263197,69,28,19,5,60,57965,394271,86389,0.716,0.799,0.643,4,windows,广州,移动,学生,black
2930901367,379016196503026357,19902130397,6203977359150596985,41,6,3,5,63,111869,307687,58276,0.401,0.722,0.483,8,windows,西安,联通,企业职员,black
5109467289,440801197603116530,13347527255,6255185975554031007,56,25,39,5,79,114363,772973,40847,0.491,0.604,0.608,4,web,杭州,电信,务农,black
5451145634,639941197304177130,13331457354,6241195537066029993,85,19,12,9,34,83018,504639,52533,0.705,0.831,0.894,7,web,深圳,联通,企业职员,black
6844063041,236680200105096536,19959901138,6262519221856693669,298,25,1,3,12,8667,129070,17719,0.164,0.358,0.312,1,harmony,成都,电信,退休,gray
5074560412,517273198804209079,13366073898,6243227297598047937,75,19,34,8,78,61703,267361,32334,0.551,0.395,0.563,2,web,北京,电信,务农,black
1717444579,372118198701100740,19928766181,6209572728159483996,1533,103,2,1,14,2328,34503,3050,0.133,0.117,0.068,0,ios,西安,电信,退休,white
7678666943,419316200007125174,19988888333,6235295212508677802,14,20,17,8,52,61567,808138,58757,0.704,0.885,0.654,7,windows,杭州,电信,退休,black
5959718660,560082199005145712,18665313765,6289147903003741223,295,11,1,3,13,21573,189849,13027,0.172,0.206,0.491,0,harmony,广州,联通,个体经营,gray
7770442969,42316419680201708X,13309986798,6225971664238375091,3543,52,2,2,13,5927,32732,3346,0.004,0.078,0.166,0,harmony,武汉,联通,学生,white
5283412354,263706199810159439,18640843983,6276492780181372246,1570,86,0,3,3,1661,28714,3837,0.036,0.037,0.295,0,android,深圳,移动,务农,white
6004534875,617215197610138667,13308759347,6245184408721519331,25,10,34,7,25,87021,488428,34963,0.368,0.878,0.459,6,web,杭州,联通,退休,black
0469590575,170466198511239243,13397683401,6234026204501806190,59,24,38,8,82,71734,375883,53906,0.5,0.663,0.737,3,web,武汉,联通,务农,black
6859293318,544127200102180756,19957177794,6269098718556525896,47,17,37,15,59,45639,832552,58867,0.651,0.477,0.502,8,windows,杭州,移动,个体经营,black
3842698232,493106197106038910,18647068562,6272439999331268512,58,15,4,8,44,69606,813166,48412,0.665,0.433,0.613,7,web,杭州,电信,学生,black
0636290464,598130198907073394,19976630944,6279485939094794713,44,23,40,10,58,102043,262515,30194,0.446,0.697,0.501,4,web,上海,移动,务农,black
1178703312,412509198801130432,19971057990,6271640519221041525,6,24,8,6,38,35358,436030,80397,0.788,0.387,0.692,1,web,北京,联通,自由职业,black
4962737734,458821197606048880,13844246467,6248321066906451361,3125,186,2,1,7,1149,5007,1025,0.15,0.244,0.087,0,android,上海,联通,企业职员,white
6119187729,641270200312255779,13356735007,6204439483315324752,84,25,3,13,48,40387,573993,40606,0.711,0.877,0.509,1,web,深圳,移动,务农,black
6893886736,248785196804287046,18635466041,6270753639498846718,330,44,2,2,29,21280,96990,19431,0.389,0.388,0.245,0,harmony,武汉,移动,自由职业,gray
5253972712,551218198802161499,15062703238,6210205047002790138,64,26,6,8,77,35880,584946,89552,0.777,0.8,0.862,1,web,北京,联通,个体经营,black
7115301539,149679198901069406,13361041009,6270405306088022264,184,25,4,3,30,12922,200075,24926,0.246,0.321,0.211,2,harmony,西安,联通,企业职员,gray
6551166677,351412196808277721,13818071969,6296870499524467771,174,40,2,4,25,43826,181985,14381,0.348,0.184,0.385,1,harmony,西安,联通,企业职员,gray
9337275335,544190199608247646,13875596994,6280392948357679869,11,13,21,6,60,57196,641940,41092,0.637,0.431,0.486,5,windows,广州,联通,自由职业,black
8162589617,111455200304120291,15041889681,6229842401991131218,21,7,29,8,67,88421,674324,53625,0.734,0.327,0.48,2,windows,北京,电信,务农,black
1317599825,418347198512165412,18672018656,6288315114615611954,1714,152,2,2,9,3122,35835,3479,0.082,0.032,0.155,0,harmony,广州,移动,退休,white
1084876793,170143198906089430,13800183586,6257930236746015613,76,15,31,5,28,73692,721029,52911,0.789,0.614,0.873,7,windows,广州,电信,个体经营,black
1853426028,168192198210131297,13993410452,6256026706305599127,1383,156,2,1,15,4204,4699,2839,0.042,0.15,0.29,0,harmony,西安,电信,自由职业,white
3071363998,179384196711017687,13892012439,6266677552230247524,330,25,5,2,29,15704,75652,15162,0.27,0.218,0.538,1,android,广州,联通,务农,gray
5217655904,298142200404276333,18642037511,6246211875443357068,54,11,27,8,34,88400,660062,82806,0.429,0.338,0.838,1,web,深圳,电信,企业职员,black
2672008629,565978198810203524,19988679411,6267640386149679649,84,10,17,15,36,94120,483757,25949,0.745,0.798,0.652,7,web,成都,联通,自由职业,black
7656627685,588153197504138195,13980295110,6281974809556686999,82,41,2,5,29,14420,60163,21112,0.299,0.34,0.487,1,ios,成都,联通,企业职员,gray
5272206294,541947197401155071,19979883837,6210758564436488697,216,60,5,6,20,15653,145749,6806,0.248,0.28,0.169,0,harmony,成都,联通,退休,gray
9162133539,198056198303108297,13959367504,6239041387698160705,79,30,12,15,34,59839,374257,21240,0.43,0.539,0.562,5,windows,广州,联通,自由职业,black
8728296528,607223199406052962,13856770809,6203491723035765785,91,26,1,3,25,30892,173204,12517,0.369,0.222,0.286,1,harmony,深圳,电信,学生,gray
3626694660,509486200304163852,19911473557,6201938588382735698,240,12,4,6,22,23219,64510,11356,0.287,0.426,0.244,2,ios,成都,移动,学生,gray
0620141986,183457198108015727,19905774470,6213653941662450918,66,14,39,9,58,108422,314210,48767,0.52,0.89,0.464,4,windows,武汉,移动,自由职业,black
0399341600,295032197207089306,19946906685,6206100727391313194,87,49,3,4,25,39136,95194,17557,0.203,0.377,0.269,1,harmony,武汉,电信,务农,gray
2222185763,563873197410288368,19912778695,6224908910815104590,288,35,1,3,25,44354,202567,6945,0.439,0.306,0.288,0,android,成都,联通,自由职业,gray
6032925200,498288198005057329,19924698653,6293340835942121941,50,7,14,12,49,95505,795563,57886,0.488,0.872,0.506,5,web,武汉,移动,个体经营,black
1203416917,50747419670310537X,19973473459,6271572954779450016,1851,151,2,3,16,6518,26184,1065,0.072,0.126,0.048,0,harmony,杭州,电信,务农,white
4147731974,556536196909264037,13929961991,6245932404385388102,224,56,1,4,27,29236,129054,24101,0.448,0.39,0.173,1,ios,上海,移动,务农,gray
5579996195,549388199904037060,13866612999,6295260429505476482,20,29,25,5,81,48898,283191,24906,0.721,0.423,0.457,5,web,上海,联通,自由职业,black
5916263877,346920196611141265,13986491376,6210269029421692361,66,17,5,6,29,11514,204872,19956,0.308,0.489,0.156,0,android,北京,移动,退休,gray
6842554112,530385200204122292,13385124560,6256702375005784762,19,14,4,8,21,73765,312891,79037,0.639,0.325,0.65,4,web,深圳,电信,自由职业,black
6631028395,361665198505226831,18691183469,6295523276011711205,42,29,12,13,50,66664,741005,85426,0.436,0.844,0.464,7,windows,武汉,电信,自由职业,black
5437177101,417464197007233309,19999578900,6252151681056212069,81,11,20,11,68,94679,586032,73928,0.654,0.492,0.446,5,windows,西安,移动,个体经营,black
3180539265,32490819801119515X,13920794934,6286928509844917744,2425,110,2,3,5,8273,14097,1016,0.085,0.109,0.09,0,ios,北京,联通,退休,white
1262725737,344014198102198997,18674381312,6216830951220270329,51,26,40,13,87,119055,503470,63062,0.759,0.577,0.637,8,windows,杭州,移动,自由职业,black
4360548672,308509196905053103,15068500461,6283871015195866710,440,108,1,1,14,3354,3412,2302,0.042,0.089,0.162,0,android,广州,电信,学生,white
1124959887,590794196511036309,18603179380,6218944084128401802,312,24,1,3,13,41425,212389,11132,0.292,0.117,0.23,0,android,深圳,联通,自由职业,gray
3921221226,440492197810014380,18634297674,6250221561535344463,1161,119,2,3,13,6487,15467,3434,0.006,0.193,0.106,0,ios,杭州,电信,自由职业,white
7989257670,388230198007035149,19928922962,6237342467565005716,249,21,6,5,9,31100,82856,15875,0.411,0.496,0.417,1,ios,广州,移动,学生,gray
0325271136,54263320040501070X,13903655244,6280095393942541094,77,29,37,4,70,114809,466949,72994,0.778,0.565,0.866,7,web,成都,移动,学生,black
2768062676,538566197411014905,13305463588,6200421840270059403,62,10,36,13,44,40327,628846,60785,0.414,0.8,0.671,4,web,北京,移动,个体经营,black
8239765980,317044197211225690,13344395196,6280037050100008633,3833,112,0,2,6,7886,23116,2701,0.149,0.182,0.138,0,harmony,西安,电信,个体经营,white
3004872182,121153197512021613,13394138825,6286483203605792892,28,30,33,7,54,110528,776527,52838,0.397,0.559,0.691,7,windows,西安,移动,个体经营,black
8365321606,264060198904257568,15099027710,6270334250056743381,71,15,16,4,26,53555,217627,41693,0.548,0.785,0.536,1,web,西安,电信,个体经营,black
7204040769,34990619800313090X,18606411566,6283300931482199099,11,20,15,5,58,105962,432721,40469,0.372,0.752,0.778,4,web,杭州,移动,企业职员,black
2324614784,414285198402071523,13376823043,6205087730174702645,30,26,23,14,68,34402,203519,87503,0.521,0.638,0.671,4,web,广州,电信,企业职员,black
2565045028,591336197101133604,13814621032,6298523671166117847,12,11,18,7,85,30578,478078,87531,0.408,0.857,0.587,3,windows,上海,联通,退休,black
4508129585,611237198109034749,15011967083,6222244796759290497,2786,63,1,2,5,5791,9086,3129,0.036,0.032,0.284,0,android,广州,移动,务农,white
2739033316,418528197802205155,15010906551,6211926442601547608,150,55,7,5,8,39772,88887,6155,0.377,0.369,0.173,2,ios,北京,联通,企业职员,gray
2402887030,478966199008039992,19978709144,6273664059402744528,197,57,3,5,15,43450,146963,6111,0.325,0.413,0.204,1,android,西安,电信,退休,gray
2002840640,61107619860819285X,15085732905,6244731801601437828,74,29,14,11,74,68213,277554,43733,0.672,0.696,0.73,7,web,深圳,电信,务农,black
6342396579,127737196605136320,13931340165,6254983969559155870,362,40,3,6,25,41169,188753,16978,0.389,0.483,0.505,1,harmony,深圳,电信,退休,gray
1194831676,329531197704157422,15052112575,6256836516524850961,3162,39,2,1,3,6252,39847,1844,0.05,0.086,0.233,0,harmony,武汉,电信,务农,white
0412983833,267304196904055163,15006066686,6216746613336584107,1027,126,0,1,10,6005,15998,350,0.174,0.214,0.252,0,harmony,北京,电信,个体经营,white
9558076003,260004198807247881,18699103064,6264314068096242856,2008,63,0,2,18,1076,9243,803,0.086,0.046,0.001,0,ios,上海,电信,务农,white
6174062419,648743198509030449,13353390923,6237137728763361394,20,19,18,7,73,47240,794273,41136,0.557,0.436,0.83,5,web,武汉,联通,自由职业,black
7728005664,245441200310088493,15030207848,6218589859156776187,985,141,2,2,3,6982,34637,2154,0.1,0.095,0.152,0,ios,成都,移动,自由职业,white
1361174175,369252197312130283,15081346090,6253959582329351936,24,11,25,8,37,52799,478118,59370,0.516,0.758,0.721,8,windows,深圳,联通,个体经营,black
6383451198,65855719931211067X,19998310256,6221288506200330740,1157,157,2,2,18,6601,4136,3687,0.002,0.141,0.032,0,android,北京,电信,个体经营,white
8917316734,136221199506082345,13302327574,6221810981990756938,1292,89,1,3,12,8742,31636,1716,0.194,0.224,0.042,0,ios,杭州,电信,退休,white
2241059159,482119199005200966,13911420729,6260285862927334928,67,14,3,6,8,35660,67939,24336,0.251,0.381,0.44,1,harmony,北京,联通,务农,gray
5804302115,302848200401089694,13373021586,6275726646595270901,180,35,2,6,14,17252,80811,7946,0.258,0.261,0.173,0,harmony,西安,电信,学生,gray
2633295730,336766199501127246,15057704415,6205061913776524984,282,14,8,5,26,41118,147306,19594,0.318,0.322,0.42,1,android,上海,移动,自由职业,gray
4189037375,248766197412049025,18621486471,6269884345948103448,1363,77,1,1,7,8598,21698,3058,0.087,0.037,0.003,0,ios,广州,联通,务农,white
0577128172,331883198911289624,19950839002,6270806424176991209,61,24,12,4,34,102575,220432,69678,0.774,0.333,0.862,2,windows,深圳,电信,退休,black
4684564301,258032199012113781,13876998371,6232840207023293337,195,57,7,4,26,21920,117022,23253,0.231,0.357,0.254,0,harmony,成都,电信,自由职业,gray
8002380481,56873419781106193X,19995817847,6237742433017588649,2679,74,0,3,13,5839,27169,1583,0.038,0.2,0.183,0,android,武汉,电信,学生,white
0578808530,413332199002189646,13367213739,6218826746190450135,136,49,5,6,22,22502,65272,6575,0.248,0.174,0.478,1,harmony,武汉,移动,退休,gray
9320998157,503358199204116987,13390750060,6283602662661062929,37,25,22,14,34,87784,752126,23460,0.681,0.634,0.515,1,web,西安,电信,自由职业,black
5768766079,465700198209089097,13378011639,6260152609754392949,52,8,8,15,77,100719,834412,75699,0.517,0.837,0.833,7,windows,广州,电信,自由职业,black
6916508498,168138197410058612,13329031844,6274719140705189873,1345,81,2,1,17,3453,5051,674,0.164,0.183,0.092,0,harmony,西安,联通,自由职业,white
0335954418,391238199002107535,19982147104,6297306487601564026,160,17,3,4,16,30954,215264,6045,0.276,0.32,0.317,2,harmony,西安,电信,企业职员,gray
5650159737,251066197609232414,18690228277,6202646922804193149,278,32,5,5,11,27304,126030,23573,0.363,0.141,0.308,0,android,成都,联通,企业职员,gray
4558650330,322214200008186243,19918258580,6291076766879198119,72,29,28,7,62,69886,752029,33690,0.374,0.707,0.749,4,windows,西安,电信,企业职员,black
3220669517,585231198210286522,18672136520,6219635005912765256,80,10,6,4,47,49630,892429,48489,0.475,0.484,0.657,5,windows,杭州,移动,务农,black
5280922584,389026197009173940,19939587950,6206081038616176010,2389,166,0,1,12,8946,16137,2175,0.158,0.199,0.151,0,ios,杭州,移动,务农,white
4640122769,441292197206029640,13903164174,6202192443298889392,40,40,2,3,11,32766,62154,7530,0.28,0.493,0.31,0,android,杭州,移动,务农,gray
7930209419,436931196701091002,13955515727,6268695185065333459,84,30,32,8,70,64704,342299,54984,0.363,0.569,0.886,8,web,深圳,电信,企业职员,black
6782887173,449343197211280310,13944095942,6292569714625404806,3892,180,1,3,17,1356,19392,3407,0.085,0.057,0.048,0,android,武汉,联通,自由职业,white
9409425163,571037200112188924,13964639211,6230732771215845622,1315,197,0,2,9,7017,17137,898,0.164,0.055,0.014,0,harmony,成都,电信,学生,white
1561226276,187329199506135013,13873571403,6265102960255731674,2984,49,1,1,16,4509,39396,3892,0.135,0.061,0.076,0,harmony,西安,联通,学生,white
4872135545,134935200112187654,13936582240,6200069695978726472,66,23,28,5,42,119199,497355,27069,0.742,0.712,0.664,5,windows,北京,电信,自由职业,black
2782263623,466751197101268455,13345308765,6272548593802223428,3561,137,2,3,14,5796,21676,3324,0.094,0.135,0.296,0,android,广州,联通,个体经营,white
4014924716,571540199704204952,15065034227,6269091874604585173,198,37,6,2,18,38758,157139,12927,0.398,0.334,0.421,2,harmony,杭州,移动,学生,gray
0168529053,37997219691209537X,19940724113,6260913299332517784,1977,186,2,2,18,2215,36570,2375,0.039,0.085,0.292,0,ios,上海,移动,个体经营,white
0221928952,210520200209234040,15004153532,6297854910397965246,111,58,2,6,17,30657,207233,7839,0.401,0.434,0.246,1,ios,深圳,联通,务农,gray
2908474503,221198197502194625,19948956866,6235223872329938988,309,42,2,6,18,18704,155770,16379,0.256,0.24,0.415,1,android,杭州,电信,退休,gray
2820099732,131559198701169567,19921500370,6256035853585111973,2495,148,2,2,9,4919,3339,1376,0.003,0.235,0.051,0,android,武汉,联通,企业职员,white
2465670791,311161197209267784,19913084839,6283845192701804207,290,59,8,5,8,30847,98327,9697,0.332,0.26,0.433,0,android,上海,移动,学生,gray
6375438424,172096199712123584,13379555920,6200342250100641758,3511,177,1,1,2,7950,8048,2295,0.056,0.001,0.14,0,ios,北京,联通,学生,white
2948306644,470287197601015134,13912567987,6267741468281161565,54,20,6,15,40,44038,622342,68133,0.356,0.635,0.578,1,web,上海,移动,个体经营,black
4263577635,150828199612060421,13324001886,6296350495314438469,30,16,36,13,84,94168,805961,79359,0.566,0.685,0.706,8,windows,武汉,联通,个体经营,black
1088027978,627045198006011437,13333471082,6225391720645480256,677,119,1,1,10,7434,32131,2837,0.074,0.131,0.137,0,harmony,武汉,联通,自由职业,white
9212421644,228688197909129999,13980004699,6247128799072540613,87,11,12,11,59,106441,725215,75365,0.606,0.795,0.774,8,windows,杭州,移动,退休,black
1110856853,463932197310176680,19939898022,6248431726772011206,13,10,40,8,82,38507,334345,27762,0.477,0.447,0.677,3,web,上海,移动,学生,black
3441777916,278673197706091501,13964524284,6248640036159278605,29,27,24,15,28,53213,883386,83789,0.711,0.773,0.427,3,web,北京,移动,个体经营,black
7278471066,309297198111046524,18631766083,6272942599777611793,53,5,10,7,57,84127,512988,30868,0.527,0.335,0.879,8,windows,武汉,移动,企业职员,black
4899411461,466060198302058208,13376035360,6257546907912482450,51,13,19,8,80,34794,541384,85326,0.697,0.893,0.891,2,windows,西安,联通,务农,black
5291131348,606517199403080753,18621516211,6219543810528224349,1965,31,0,1,2,2026,19519,2349,0.104,0.129,0.094,0,android,深圳,联通,个体经营,white
4952399596,27371419821127530X,13800779506,6249368405747496794,87,17,37,7,51,31415,250891,24570,0.569,0.813,0.721,7,windows,深圳,联通,企业职员,black
9243496581,465300197110098742,13388507683,6204035544143806254,355,59,6,2,16,40398,221138,17369,0.356,0.2,0.422,0,ios,上海,电信,学生,gray
3425654860,455680198502236033,13800458818,6225548986986126099,13,29,5,11,90,34363,778987,67654,0.657,0.833,0.707,5,windows,北京,联通,务农,black
7992044690,528036199605259257,13821830248,6263461669210759895,354,24,4,3,16,37424,103626,14263,0.427,0.109,0.505,1,android,武汉,移动,个体经营,gray
5611884374,576014198710111964,13975370310,6214503434069915730,76,25,8,3,21,14718,240442,10739,0.417,0.216,0.211,1,ios,杭州,电信,个体经营,gray
1611983495,572826199511064575,13964528589,6293712325730897818,1627,130,1,1,16,1761,4948,492,0.123,0.019,0.191,0,ios,武汉,电信,学生,white
2275923643,33793219950705712X,13958782774,6237725404187152341,83,12,28,9,41,96401,307842,45306,0.691,0.805,0.59,4,windows,上海,移动,个体经营,black
8263151072,54218619941226104X,19998104847,6214555633436859321,75,22,18,15,55,115102,307942,70558,0.506,0.826,0.797,7,windows,成都,联通,个体经营,black
9817718397,369344196902013982,18630768051,6225116412316610072,1,13,19,4,59,78848,208874,50633,0.388,0.873,0.812,4,web,西安,移动,退休,black
2576224659,406558198206133485,13901678639,6248647325590698047,81,20,36,10,44,60325,307338,66896,0.628,0.441,0.412,7,windows,深圳,联通,个体经营,black
8317392845,633357200304068611,15065934372,6237490141377996679,52,10,11,14,87,99658,794288,67806,0.769,0.821,0.493,8,web,深圳,联通,企业职员,black
3947825423,32739719910812825X,13389620865,6299079513142426326,196,24,8,2,23,27366,168723,7777,0.34,0.494,0.307,2,android,西安,联通,企业职员,gray
7745182923,271960197708118062,15031411748,6268667596049751135,41,30,5,4,17,44072,87691,14079,0.408,0.293,0.534,1,ios,杭州,电信,个体经营,gray
0130020808,123714196811019538,13832934435,6225598732653638397,1626,50,0,1,13,2566,8298,848,0.016,0.008,0.141,0,harmony,广州,联通,退休,white
4845283154,418475197903110886,18615714985,6241791510352503384,84,27,19,7,76,62567,792928,30475,0.593,0.719,0.473,8,web,西安,联通,务农,black
1961316172,260448198410188719,15092531559,6226893261949887744,2,23,3,8,75,73126,654975,70701,0.602,0.801,0.748,8,web,上海,电信,退休,black
7741959087,536689198403263188,13990216085,6261777249019581730,13,6,37,11,50,56567,429877,74364,0.511,0.446,0.735,7,web,成都,电信,退休,black
6448859709,574824199501063967,15044796586,6246675740806721713,121,52,3,3,29,41029,188102,14479,0.282,0.369,0.536,0,harmony,北京,联通,企业职员,gray
2140676900,166246199605110947,19913115721,6294617573954070658,84,12,26,14,51,101247,587804,53607,0.746,0.644,0.438,8,web,深圳,移动,企业职员,black
9726132963,242214199209055200,13353452378,6271657232788627403,959,89,2,3,14,6407,9660,1768,0.124,0.068,0.105,0,android,杭州,电信,学生,white
0362847515,286580196803113072,19905608535,6235467549880442597,57,28,28,14,66,49757,579593,57056,0.774,0.645,0.559,5,windows,深圳,移动,个体经营,black
0958537873,168019200304091254,15016207488,6205458627974626279,3271,185,1,2,9,902,9176,3964,0.139,0.168,0.164,0,android,杭州,电信,自由职业,white
1317779857,539954200003060596,13399661188,6293888132986630515,3835,37,0,1,10,6667,17052,3470,0.187,0.033,0.008,0,android,成都,电信,自由职业,white
4184479119,265665197811032363,15005592039,6295938780956291864,3542,91,2,2,11,8706,38128,2631,0.091,0.166,0.172,0,ios,深圳,移动,企业职员,white
5661415120,528368200303275600,13349557231,6238797573265735372,88,23,11,12,83,43994,781242,42847,0.748,0.432,0.822,1,windows,上海,移动,个体经营,black
5154842149,256377196905171126,13964001948,6203023893533334565,68,9,11,5,55,44274,384630,71304,0.362,0.865,0.887,5,web,深圳,联通,企业职员,black
0730401001,332930200207118058,13349983387,6281229244176169361,65,10,15,6,59,47373,824588,75837,0.486,0.675,0.885,7,windows,西安,移动,退休,black
2690194247,300962197910258921,18618523623,6209811393251700141,3418,59,1,3,7,1074,21785,2809,0.111,0.168,0.081,0,ios,西安,移动,个体经营,white
3114104401,486660200307193945,13933764718,6217685234992008860,1948,177,1,2,6,5352,11126,1988,0.014,0.035,0.108,0,harmony,成都,移动,个体经营,white
3584352753,176505196603241965,13996491340,6203862850802294759,2479,117,1,3,10,1287,6966,1753,0.073,0.077,0.037,0,ios,上海,移动,自由职业,white
1759039463,460511196510253013,13897973000,6295961644981963835,88,27,32,4,30,83407,755809,53723,0.786,0.601,0.659,6,web,成都,电信,自由职业,black
5221162418,370457198010015950,18681269839,6256711429307422685,2418,130,2,2,16,1579,21837,3315,0.046,0.222,0.019,0,ios,上海,联通,个体经营,white
7192592571,291094200108149313,13369791810,6279244510123672216,61,25,9,6,57,72828,420236,35743,0.639,0.5,0.493,7,web,西安,移动,自由职业,black
2597242339,49936619990611269X,18635123454,6245808966308468128,79,19,34,13,33,45245,218460,33663,0.572,0.737,0.676,2,windows,武汉,移动,学生,black
5367134609,208746199808063727,19977427483,6237951648092670559,52,36,6,6,20,22312,227106,21558,0.229,0.408,0.244,0,ios,武汉,移动,个体经营,gray
4352561917,533679196605170079,19939987282,6222380587417547801,44,21,23,12,47,47694,433133,65856,0.618,0.325,0.741,5,windows,西安,电信,退休,black
6263674497,534965198012228226,18649753912,6224926322378180059,1873,146,1,2,18,4092,17633,984,0.155,0.231,0.174,0,android,广州,移动,务农,white
0948000267,63612620021228369X,13818693805,6224855105961266064,31,17,28,12,55,40051,578437,35872,0.439,0.783,0.47,7,windows,上海,移动,个体经营,black
6363730018,402540198109281512,13904086475,6227825467833473196,231,42,7,4,28,40280,123222,15162,0.296,0.394,0.29,0,ios,广州,移动,个体经营,gray
6682402119,11277119891211911X,13869476535,6299512609300711805,261,25,2,4,8,32896,78744,11916,0.264,0.371,0.258,2,harmony,北京,电信,企业职员,gray
8439351897,543013198112140661,13857958462,6292893174873033504,1768,157,1,2,5,2944,21489,3937,0.107,0.12,0.259,0,ios,广州,电信,自由职业,white
2188978117,508392199504282338,13989307456,6235384061315056215,306,13,7,5,11,28780,66990,24847,0.438,0.477,0.313,1,ios,杭州,电信,学生,gray
2331632557,586708199901024340,18661267088,6220813446663519815,36,12,7,14,64,104217,362231,70775,0.793,0.826,0.84,4,web,上海,电信,退休,black
0540529463,397937198905220188,13809338305,6265791988747047479,1692,142,2,3,12,8934,38177,2348,0.161,0.146,0.055,0,harmony,上海,电信,学生,white
6585910453,313708200110236489,13349853212,6274488710194382021,706,113,2,2,6,1413,7110,1144,0.197,0.083,0.225,0,harmony,广州,电信,学生,white
5698326621,435276199310178874,15025711704,6209240163416642918,3371,58,2,1,11,7140,39288,3452,0.089,0.06,0.26,0,android,西安,移动,自由职业,white
9923870400,334549200204145657,19902366532,6238838943789472686,225,31,4,3,14,25588,173092,16531,0.152,0.262,0.497,1,ios,广州,联通,学生,gray
6492518387,487933198707286292,13875388820,6247002560016273441,365,47,1,3,25,41557,184760,10366,0.161,0.196,0.439,1,harmony,杭州,电信,务农,gray
3848835542,111950198404103555,18671553500,6262835111758967559,199,27,2,5,21,39909,83481,15338,0.154,0.491,0.297,2,ios,武汉,电信,务农,gray
0932613617,557246197508157802,15073519080,6287290409799645979,68,21,6,6,8,11032,213570,23659,0.324,0.341,0.28,1,ios,广州,联通,企业职员,gray
6886657333,619973199202092428,13968552970,6214933056068274293,79,11,15,7,57,41766,845846,49206,0.476,0.762,0.631,5,windows,西安,移动,个体经营,black
3429142455,165728198202257018,13924672439,6219008812149800988,35,13,38,10,50,88311,504721,69953,0.563,0.789,0.797,4,windows,广州,电信,退休,black
5301885307,408433200307056464,18605474800,6206565317455078935,29,18,15,7,38,56572,201384,32609,0.596,0.499,0.855,8,windows,深圳,电信,学生,black
3763969280,402195197810267292,15010302845,6236746660480864089,22,12,28,5,71,78673,234294,56355,0.465,0.666,0.586,4,web,北京,联通,自由职业,black
2657001611,138571199608072550,18656873603,6233196143704517859,58,19,27,14,73,71191,263116,43576,0.559,0.412,0.871,1,windows,上海,移动,务农,black
9999747731,206263199407287021,13983141609,6251994790056482043,23,21,39,5,71,102006,219412,69451,0.711,0.579,0.64,8,web,成都,电信,学生,black
6709396533,185678199111173703,19914656562,6270444372161815277,3334,139,2,1,10,1370,7426,856,0.097,0.16,0.247,0,harmony,深圳,移动,务农,white
0683172725,188839199009048153,15093888777,6213876213192549185,7,13,5,11,90,90529,719201,54244,0.64,0.634,0.471,1,web,深圳,联通,退休,black
8596335096,451922199305223262,18679022931,6247804689506845675,59,28,27,15,66,81893,625749,54768,0.443,0.603,0.53,6,windows,成都,电信,学生,black
4432462298,153819199209217407,13882341853,6286700502234730195,38,13,9,9,52,79194,299461,67278,0.735,0.693,0.875,4,web,深圳,联通,自由职业,black
8431295447,63087019721111990X,13312868423,6227710591637443885,194,46,8,4,20,28945,214546,6968,0.253,0.204,0.364,2,android,上海,移动,企业职员,gray
2223486672,630012197806064493,18696013811,6225890880169602604,214,53,5,4,13,13531,160733,21410,0.431,0.464,0.451,1,android,西安,联通,务农,gray
4890490556,184901197310114455,13882246035,6234598939126902365,17,29,30,9,58,69362,669532,20781,0.69,0.478,0.589,2,web,西安,移动,个体经营,black
1121590666,436752196911139234,13866699159,6249706939961510433,225,22,3,3,22,8687,129637,16424,0.261,0.241,0.236,1,android,北京,移动,企业职员,gray
8928270469,54928019911015913X,13366562656,6231067037899101473,3390,97,1,2,5,2607,31416,3257,0.085,0.118,0.184,0,harmony,上海,联通,自由职业,white
8332920215,608336198212282156,15083735755,6207306718314256155,187,39,5,6,21,18618,214818,24456,0.214,0.244,0.539,2,android,西安,电信,个体经营,gray
6769170149,21667720021210790X,13889519131,6296347434525344092,3609,81,1,1,12,6919,5400,737,0.195,0.176,0.247,0,ios,深圳,移动,务农,white
2942233424,502940200308063288,13374464348,6217589020794129033,325,43,4,5,12,38300,202200,20862,0.448,0.226,0.171,0,ios,杭州,电信,自由职业,gray
6410740915,415834196909137766,19931096968,6296585573500409907,2241,65,0,2,10,8838,22848,2872,0.118,0.106,0.087,0,android,上海,电信,退休,white
0266396112,452216196502235586,18690280087,6242940115094725024,104,18,2,6,28,23351,118273,11623,0.353,0.428,0.388,1,android,北京,联通,学生,gray
9397643205,649333200301261702,15047981430,6253486814211579667,88,29,17,5,65,113017,371985,63141,0.752,0.808,0.518,4,windows,北京,移动,个体经营,black
7767610691,586038197206071241,15060560315,6267727027119750440,8,6,12,9,89,54123,400356,21002,0.795,0.45,0.86,5,web,武汉,移动,个体经营,black
2091452855,571806197801068193,15068351847,6217525020846794608,168,32,4,3,9,35889,239215,18787,0.208,0.45,0.504,0,android,成都,联通,自由职业,gray
2454035718,637987198412280734,15067788895,6214570499355235238,2312,46,0,1,8,4589,8699,2601,0.045,0.056,0.179,0,android,成都,联通,学生,white
3606905723,648423199305075052,13869679960,6298992936339082103,39,19,13,13,33,80445,270765,72146,0.364,0.807,0.545,5,web,北京,移动,企业职员,black
0220347552,225963197008097130,18617956998,6210866010047364359,18,15,6,15,58,30712,811236,54852,0.583,0.826,0.758,3,windows,上海,移动,务农,black
8734513656,301922200102259494,19987669198,6271197390199103581,89,29,8,7,88,118535,472476,49369,0.601,0.363,0.458,8,web,深圳,电信,自由职业,black
9851183607,12318619760205648X,13947840372,6263054968872797054,3199,151,1,2,8,3330,18403,1381,0.186,0.161,0.286,0,ios,深圳,移动,务农,white
5766957247,263690196910209613,15033808470,6260629071259838140,1397,64,1,2,16,984,28146,1978,0.179,0.19,0.127,0,android,西安,联通,退休,white
0718281047,59063119820724559X,13983945234,6238782495560110655,35,29,13,6,55,90973,690467,44761,0.495,0.811,0.665,7,windows,广州,移动,自由职业,black
1436665766,257255197504102128,15080982718,6243268110421259392,3520,166,2,3,18,6687,10541,2820,0.02,0.071,0.227,0,harmony,西安,联通,学生,white
6365757225,392281199609051688,19911418987,6245448951710916272,3105,154,1,1,16,1059,13635,2195,0.042,0.003,0.051,0,harmony,上海,移动,自由职业,white
1816953452,484818199602121870,13919523248,6280675674515015205,1,10,19,4,28,103169,227766,55672,0.628,0.708,0.737,4,web,武汉,联通,务农,black
5637122031,242583198510216742,13858350642,6231376286641397590,42,11,21,4,69,106941,448685,33151,0.538,0.363,0.515,4,windows,成都,联通,退休,black
8130534732,363866197108067505,13349084614,6290933261637418011,364,46,4,3,23,26240,162194,19744,0.375,0.266,0.169,0,android,武汉,联通,务农,gray
1201018502,502384197602182024,18678736895,6260322255896138677,3678,77,1,3,17,3001,5058,3810,0.143,0.048,0.087,0,android,成都,电信,学生,white
7794797632,171865199401126577,15046818279,6242287936158791304,191,45,6,6,26,42630,132987,9462,0.324,0.363,0.403,1,ios,上海,电信,务农,gray
5757190645,115331198001124575,13389555557,6221285267301162829,82,6,3,6,26,111301,508934,54983,0.453,0.486,0.463,6,web,成都,移动,企业职员,black
3523575530,308357200108272385,13978715180,6246505731869163555,1966,175,0,3,9,5419,18069,681,0.138,0.171,0.114,0,android,深圳,联通,个体经营,white
5758400534,289245197201181166,13982343841,6245855601953080441,80,17,3,12,54,79265,334862,64986,0.795,0.549,0.633,1,web,武汉,移动,自由职业,black
4512244393,474641196911098130,13343590984,6289677977036820976,140,28,4,6,27,16063,121204,10582,0.254,0.318,0.351,1,android,深圳,移动,退休,gray
7176947393,327087197205183369,19918684004,6244781851339407529,3907,87,1,2,6,7051,26917,3865,0.071,0.084,0.122,0,android,成都,移动,学生,white
3940002372,410010197112093280,18668154184,6252239916560365799,21,22,20,15,49,58247,859397,43466,0.626,0.431,0.713,6,windows,北京,电信,退休,black
0458064001,404510197306250470,13878066818,6289645446338816401,32,22,23,14,32,46649,462990,40002,0.475,0.678,0.501,6,windows,西安,电信,个体经营,black
5759818643,564281200210231559,13909498800,6259764289089471602,44,39,1,6,25,34050,122230,6558,0.259,0.13,0.336,1,android,北京,移动,企业职员,gray
6061900168,509042200404231919,19927322171,6234878601969596876,3311,159,1,2,6,891,35286,743,0.12,0.1,0.11,0,android,北京,电信,退休,white
7480688330,215680197310250942,15047265788,6244246294565139971,6,19,15,10,57,51631,732827,61957,0.774,0.497,0.642,6,windows,深圳,移动,务农,black
2367235629,36814219891119082X,13884866952,6296130881610617166,2,14,16,8,82,117420,434993,86898,0.66,0.798,0.512,2,web,武汉,联通,务农,black
9304509043,417935200011132640,18626524966,6204413004320552138,3428,126,0,1,6,1895,14061,1909,0.138,0.136,0.155,0,harmony,上海,联通,自由职业,white
1662840347,313892197301029037,15081134064,6214895408420708719,343,15,7,3,30,27372,235992,8006,0.309,0.159,0.322,1,harmony,武汉,移动,务农,gray
8913510149,492518199505080466,15006353852,6263917408186140928,118,55,7,4,16,43061,204468,22916,0.353,0.302,0.434,1,harmony,深圳,电信,自由职业,gray
3189228931,60502519761003969X,18662930656,6277134704967468809,300,13,5,4,9,39065,169005,15291,0.164,0.421,0.537,0,ios,广州,移动,自由职业,gray
5320274619,538316196707080082,13304968027,6293654042138860575,1301,51,0,1,16,1544,19569,2505,0.151,0.122,0.037,0,android,北京,电信,退休,white
9153214423,233556196912068570,19994852691,6272931177603777055,1282,91,0,1,4,5775,29308,382,0.092,0.189,0.191,0,harmony,成都,联通,退休,white
2312942603,366780199105168271,13326150717,6222668758553014660,471,116,0,2,2,2248,11110,2157,0.029,0.098,0.3,0,android,北京,电信,务农,white
9008894431,294740196506107385,13927525721,6275553949998870306,203,23,8,6,23,28467,243735,23488,0.23,0.401,0.276,2,harmony,深圳,电信,退休,gray
7295251519,301340196902270719,19965260031,6289627074256130003,56,10,4,15,55,82657,657360,49266,0.748,0.618,0.502,4,windows,北京,移动,企业职员,black
4519076127,565575200004149530,15082279176,6244038320516703149,3461,197,0,1,9,5299,11293,1015,0.081,0.024,0.196,0,harmony,上海,移动,企业职员,white
3211931639,115222198203237882,19999876527,6286152279765144535,300,38,6,4,23,25836,149284,14750,0.206,0.361,0.234,1,android,广州,移动,企业职员,gray
9079075223,162150199005267589,18651667022,6287480831535167872,90,8,3,6,64,71290,852593,69375,0.38,0.504,0.476,8,web,北京,电信,企业职员,black
9964995901,601056196707234623,13812915381,6264591087822451844,7,27,22,4,58,36024,338665,43944,0.507,0.648,0.557,1,web,深圳,电信,务农,black
5332648791,332331199807026749,13379052007,6297102286860743263,121,35,3,4,29,8330,64263,7135,0.19,0.433,0.158,1,harmony,北京,移动,个体经营,gray
7509628235,523712199604178988,13344458029,6247740829907226824,67,27,11,10,70,69369,835199,84908,0.389,0.306,0.445,6,windows,深圳,联通,务农,black
1377258429,117102196707255684,13300650115,6285641663566892041,15,6,36,8,77,110900,473871,81180,0.465,0.542,0.687,6,windows,北京,联通,学生,black
8617556462,397243199606142473,19930298367,6252305340865724584,448,132,2,3,6,4512,8595,516,0.157,0.162,0.196,0,ios,广州,电信,务农,white
6945683248,427987200408074894,15098799172,6214530279918738568,50,59,6,4,13,26984,116169,18855,0.286,0.441,0.353,1,harmony,成都,移动,个体经营,gray
2185982967,455320197602079619,13353610123,6246231243202494810,42,26,21,5,35,106542,604736,40679,0.571,0.809,0.429,2,windows,西安,电信,退休,black
9219168206,30091420040711968X,19944802749,6287741962855762856,51,13,5,15,41,96218,290168,49158,0.404,0.874,0.668,7,web,西安,联通,企业职员,black
2145285203,535872196605092431,13344421534,6281047310583691188,4,19,35,15,38,79451,367249,23178,0.536,0.802,0.592,5,windows,上海,联通,个体经营,black
2267873327,432459196610025979,13801167387,6216000623828309966,142,30,1,6,24,42687,86354,23391,0.32,0.301,0.545,2,android,北京,移动,学生,gray
2429176220,241634198003029274,13956839783,6295357624039917425,786,94,1,3,13,765,4841,692,0.125,0.08,0.06,0,android,成都,电信,学生,white
2160181854,215807197903279264,18644839189,6296791640270888495,34,34,8,4,29,19746,85412,24743,0.154,0.258,0.242,1,harmony,成都,移动,自由职业,gray
6641557528,225312199007283840,13302691164,6226715665834352883,314,19,3,5,14,31966,208058,18090,0.353,0.249,0.378,1,harmony,上海,移动,学生,gray
6518666942,200810198007281537,19904895452,6252176602192648477,48,37,8,6,19,30625,184453,24539,0.235,0.462,0.238,2,android,广州,移动,学生,gray
8077353806,532917198712190030,18694380514,6274059434383245315,65,18,7,7,60,119068,641431,25572,0.79,0.615,0.686,2,windows,武汉,电信,企业职员,black
0805211614,21228220040317563X,15006574580,6217187444697977471,508,127,2,3,13,3333,38402,1424,0.059,0.047,0.151,0,harmony,上海,联通,企业职员,white
6124034600,464768200010171707,18658236662,6244140769524959726,64,25,10,13,64,119686,562627,29850,0.481,0.69,0.546,2,web,广州,电信,退休,black
2579175878,357504198602231413,13343082182,6268730186140361367,207,46,6,2,8,20847,82638,12412,0.313,0.259,0.459,1,harmony,广州,移动,学生,gray
0785790337,300206199411204094,18651245982,6206490816622934748,74,13,36,7,48,48662,579457,65712,0.437,0.688,0.446,6,web,武汉,联通,自由职业,black
4219287615,461116196510255051,18608332291,6252847756643303104,83,38,5,3,23,34111,231929,19034,0.391,0.246,0.396,0,android,成都,联通,务农,gray
4236492861,215065200408214912,19906089196,6256886227101352192,2327,92,0,2,13,6935,17496,2127,0.003,0.197,0.232,0,android,杭州,联通,自由职业,white
2592434007,649514196806109932,13911678036,6285033568846814910,58,44,4,2,13,8746,128620,11537,0.271,0.297,0.258,1,harmony,成都,联通,企业职员,gray
0593907625,27591119890423428X,19902102867,6284229446563998118,80,26,18,5,56,119411,356545,76649,0.547,0.625,0.578,3,web,北京,联通,自由职业,black
8658961048,436576199711200909,13961377660,6238068708437036620,139,60,6,5,10,22643,223443,20099,0.435,0.263,0.373,0,ios,广州,电信,务农,gray
0659945730,245991200212145882,13926127079,6282216945822315564,249,37,5,6,10,15514,132020,20936,0.412,0.118,0.54,1,ios,北京,电信,学生,gray
0352181386,510306199309082926,18676164797,6208271491095020130,66,21,15,14,51,55879,895476,72469,0.698,0.535,0.651,2,web,西安,联通,企业职员,black
2135844537,568032197002172376,13329389708,6290317226374282832,3394,127,2,2,9,6541,30475,3640,0.199,0.067,0.181,0,android,北京,联通,企业职员,white
7826243671,177826199207258059,13360112106,6283310270361989062,303,45,3,6,13,44893,104465,9630,0.394,0.324,0.46,2,android,武汉,联通,自由职业,gray
1527065954,339217196806127362,13327650692,6215372395525877957,1084,50,2,1,11,7003,20340,1170,0.027,0.178,0.245,0,harmony,西安,移动,个体经营,white
7433725588,19042919960609122X,18698692920,6263623863732039084,1152,158,1,2,12,5421,26710,2913,0.114,0.007,0.27,0,android,成都,电信,个体经营,white
7523827086,246040199110133856,15090861520,6219701123541844331,745,138,2,1,14,717,39550,3023,0.093,0.247,0.133,0,ios,深圳,联通,个体经营,white
9341612544,577351200312163591,15030423887,6200481425610354996,56,24,3,4,20,17718,130109,22260,0.213,0.268,0.187,0,harmony,武汉,移动,务农,gray
5720964830,513125199308190425,19904733960,6231024869995972015,200,14,5,6,15,18328,195946,17279,0.34,0.115,0.161,2,android,深圳,移动,企业职员,gray
2415042829,372008198304050971,15000074366,6216434029016618154,54,24,25,12,38,83820,861914,79097,0.764,0.328,0.443,1,web,北京,联通,企业职员,black
7565188198,62099719751106902X,15060525248,6258388482671034850,3794,159,1,1,7,7910,32102,3370,0.052,0.199,0.088,0,ios,西安,电信,学生,white
3353535002,637579200209287321,13933081213,6243644057761779100,50,15,28,11,83,41434,397292,77868,0.609,0.663,0.506,2,windows,成都,联通,个体经营,black
8565881994,129182198306110564,19905448542,6227835186313393110,22,30,35,15,55,44899,673804,69808,0.735,0.458,0.778,4,windows,杭州,移动,个体经营,black
9222280556,454017198209184390,13896566033,6290694509632787780,75,40,7,4,18,16365,127909,24705,0.31,0.277,0.294,1,android,深圳,移动,退休,gray
4061123712,24167819971118867X,13379475977,6203267001960556243,26,17,7,14,21,57649,383629,53071,0.579,0.731,0.612,6,windows,广州,联通,企业职员,black
1588888883,615008197607036083,13802865356,6283363534352918000,2347,198,1,1,3,3260,14286,2180,0.027,0.077,0.08,0,ios,成都,联通,企业职员,white
3946957344,250452196802122147,13370833335,6250892756192071422,75,9,25,5,42,97848,259781,66258,0.366,0.533,0.618,2,web,上海,联通,退休,black
2361214392,267020199706288930,13362735876,6238610964442843697,76,10,20,14,47,108788,493960,78468,0.692,0.73,0.448,3,web,深圳,电信,退休,black
4765529365,165106197608205145,13982911426,6282811397283886357,638,39,1,2,17,6299,23876,2298,0.081,0.136,0.21,0,android,武汉,电信,学生,white
8752532629,597380197901152582,13987393475,6204092243635419274,111,10,4,5,9,30708,239500,11931,0.182,0.467,0.491,1,harmony,成都,联通,自由职业,gray
2653102282,323617200209229665,13917311936,6228664854199739813,153,23,6,6,19,39549,245690,8176,0.318,0.428,0.343,0,ios,成都,联通,企业职员,gray
5957149262,521391198802014150,18660499606,6288914366386573754,343,31,6,4,12,20011,63858,7774,0.151,0.357,0.487,1,android,杭州,移动,退休,gray
2173831285,23816819780603691X,18644732946,6225169988124065768,9,8,12,6,26,37269,321211,59853,0.372,0.799,0.507,4,web,广州,联通,务农,black
7645103596,577572200308179024,13923484779,6210736890284026639,192,51,2,3,15,16251,240317,19902,0.272,0.158,0.345,1,android,北京,移动,自由职业,gray
8540295446,269749199212255169,19958968308,6264347415004887480,181,47,2,3,28,41979,115986,9106,0.324,0.443,0.307,0,android,武汉,移动,企业职员,gray
7825743250,313755199604168438,19992356378,6235518339855930324,218,40,6,5,16,30399,159438,6530,0.251,0.431,0.388,0,android,成都,电信,务农,gray
3108292580,582756199103081664,13314104401,6212861348171095510,140,12,3,5,17,25330,112797,7347,0.439,0.252,0.429,1,ios,广州,移动,退休,gray
4884705761,642158197506136984,19929497406,6277256971306830770,48,11,18,15,58,82042,694409,27797,0.361,0.704,0.629,3,windows,西安,电信,个体经营,black
5509742389,321780197011143850,13915850872,6213191517673057988,21,28,35,7,39,114730,781317,56452,0.44,0.814,0.449,1,windows,武汉,电信,企业职员,black
4170158779,133493199906174041,13903298298,6271923655121937696,115,55,1,6,26,41666,74461,13746,0.3,0.358,0.177,2,harmony,上海,电信,企业职员,gray
4101220276,432886199701184523,18616085685,6275790252349872835,68,18,29,8,73,44045,859137,75489,0.746,0.893,0.498,5,windows,武汉,移动,个体经营,black
8462726481,50500919690711188X,13378438578,6202719088553637091,39,6,25,15,25,98451,505982,45266,0.748,0.864,0.593,5,web,北京,电信,学生,black
8207955990,245600197111247716,15049008850,6238115892048682227,29,16,31,5,68,75412,669157,57565,0.741,0.845,0.772,6,windows,上海,联通,学生,black
6672961753,321447197502193335,19978884659,6287109877319289735,2670,118,2,3,10,7282,38014,3333,0.082,0.034,0.127,0,android,北京,移动,个体经营,white
6590614334,41629619910807301X,13961465301,6244910320366215989,2,26,27,5,54,110663,783406,88114,0.403,0.786,0.684,6,windows,北京,移动,退休,black
6894489898,572560197507218243,15057088519,6207609882598603028,79,20,39,6,21,88390,390775,26603,0.531,0.427,0.614,4,web,杭州,电信,企业职员,black
9118801964,417564198311046940,13941383979,6209585766779683671,100,50,3,3,17,20871,167072,8436,0.216,0.159,0.373,1,ios,西安,联通,退休,gray
5033454939,365974199410232809,13304458681,6268526899648058564,199,32,1,3,30,35142,161615,8175,0.192,0.469,0.376,0,ios,成都,电信,退休,gray
9362339547,553212199203089732,13311233515,6272737087124880142,88,20,3,15,23,101879,785436,23513,0.454,0.604,0.704,1,windows,广州,移动,个体经营,black
0041840703,52152819850614809X,15013091117,6219750761948322024,33,21,11,15,26,60125,889364,54298,0.565,0.421,0.811,2,web,西安,联通,学生,black
2268498681,616216198011155507,13989405515,6208937082137259720,85,29,31,8,73,75579,318886,77798,0.544,0.444,0.439,2,windows,上海,联通,自由职业,black
3847646150,187784197410053070,19904517659,6249439573391242645,266,36,6,4,17,28704,67098,22327,0.3,0.249,0.527,0,android,北京,电信,务农,gray
2416706605,510382196702048344,13942031723,6216121065935624618,3,10,3,9,66,74444,214719,81871,0.424,0.32,0.571,7,windows,上海,移动,务农,black
1222598266,366666200307218222,13807911511,6246080767408538497,75,7,32,6,79,33821,489885,45524,0.583,0.322,0.831,8,web,广州,联通,自由职业,black
7310159605,467668199308222219,13309647777,6265988721153451033,3778,31,1,3,2,1448,18570,430,0.154,0.181,0.034,0,android,成都,电信,自由职业,white
6572167090,457526198203148034,18665817366,6275560010911981789,125,47,3,6,12,44001,126129,23077,0.187,0.419,0.265,1,harmony,深圳,联通,自由职业,gray
7762369388,653403197401257516,19913822223,6266922791724043378,3593,160,0,2,8,6802,37096,760,0.195,0.242,0.047,0,harmony,北京,联通,退休,white
0676995316,136841200410170012,19982942057,6251598682466034404,289,26,5,5,24,13347,190754,6990,0.156,0.326,0.516,0,ios,成都,电信,务农,gray
5943422483,279451199905161112,15065849825,6219164215132598242,229,42,6,2,17,43196,92858,8800,0.265,0.299,0.309,1,android,上海,移动,自由职业,gray
3962004762,579471197310165500,13888099689,6231079250372679427,105,34,8,2,23,41751,215568,16788,0.219,0.489,0.485,1,android,成都,联通,学生,gray
6315873024,634013196807087635,13953001665,6207253337477899104,180,27,1,4,27,12684,78224,10868,0.322,0.168,0.282,2,harmony,广州,电信,学生,gray
8474945743,130772196902121805,15004907037,6293192317416110366,88,14,17,8,41,44606,498751,73382,0.633,0.607,0.808,6,windows,上海,电信,个体经营,black
4385192010,518732196801186330,18612368500,6242873009464331038,89,26,28,10,65,98775,310849,82907,0.564,0.809,0.449,1,web,广州,电信,个体经营,black
7845219388,512039199107150545,15051526620,6286915740843047104,46,23,37,4,46,47571,651584,33363,0.6,0.668,0.605,8,web,成都,联通,企业职员,black
8510766748,461642196611080262,19918382208,6292117522821220724,17,16,4,11,77,107328,205055,42136,0.79,0.547,0.494,2,windows,杭州,移动,个体经营,black
9875087045,114706198210212830,13804869102,6211851049303856989,3707,101,1,3,7,4891,22672,1792,0.166,0.022,0.109,0,ios,杭州,移动,自由职业,white
1291902478,238459197402211896,19932575561,6274518049730191688,56,29,7,10,26,61771,587049,61063,0.751,0.503,0.606,8,web,杭州,联通,退休,black
4466179601,131094196602089330,18616374737,6202529379100809554,143,53,5,3,18,12970,67992,9433,0.432,0.178,0.28,0,android,武汉,联通,学生,gray
9751933703,215019198601214388,19916755876,6255262486940093316,1514,94,0,3,12,3230,4082,1728,0.114,0.082,0.057,0,harmony,上海,联通,务农,white
7990696916,297673198309091803,13882882833,6208474852991829869,130,46,5,6,17,8752,88526,7931,0.245,0.19,0.491,2,android,成都,移动,个体经营,gray
4224462213,634319197503222885,18669646369,6286508660008360256,34,29,6,4,41,105954,743462,35302,0.673,0.373,0.78,5,windows,西安,移动,退休,black
1941587089,516203197512124387,13996004266,6209760036412496244,1003,172,1,3,4,1551,13869,1555,0.138,0.041,0.105,0,ios,武汉,移动,退休,white
1443758744,200914198906020742,13907966991,6277561923561560471,18,14,22,7,65,33539,710347,49536,0.798,0.648,0.423,8,web,广州,联通,学生,black
8768057161,578198199008232224,13892132290,6279718782006301605,1512,182,1,3,3,6013,18512,2076,0.115,0.097,0.131,0,ios,北京,移动,退休,white
6749418156,165816198103121488,19994794804,6281105993145278964,1687,73,2,2,9,5869,9462,2351,0.024,0.17,0.225,0,harmony,成都,电信,务农,white
1774575482,383860197808126125,13933222899,6237939645087997361,170,21,6,6,21,22623,125027,16590,0.21,0.165,0.199,1,harmony,成都,电信,个体经营,gray
5767910885,448106200101113568,13390679102,6282443887278701914,69,28,15,14,51,94764,269742,56625,0.51,0.891,0.607,7,web,西安,移动,退休,black
1156576942,48095719920723889X,15017045624,6213879704994943170,160,38,5,5,10,29172,67139,18958,0.347,0.109,0.2,2,android,北京,联通,自由职业,gray
0598359271,632116196810013650,15015994255,6213178331604477507,1167,180,1,3,12,6419,26116,3216,0.069,0.188,0.178,0,harmony,深圳,电信,退休,white
0324634232,150192199011211817,15018122156,6289782573031759048,347,60,7,3,10,10346,134916,22383,0.223,0.469,0.231,1,android,杭州,联通,退休,gray
5030379663,557018199309268119,15079314060,6226048531541321618,2506,158,1,3,16,4403,27796,987,0.042,0.034,0.262,0,ios,上海,联通,学生,white
6985998692,346132199405225063,13937534661,6242461222040992329,328,34,1,6,28,18131,67794,13053,0.237,0.378,0.452,2,ios,上海,联通,学生,gray
3706981617,614836199311175522,15076979283,6250293469756633357,3668,104,0,3,14,8123,6273,3486,0.052,0.083,0.192,0,harmony,上海,移动,学生,white
4420461632,220050199103213633,15064552842,6263704016873930266,46,26,30,14,29,106842,783086,40213,0.574,0.828,0.582,7,windows,北京,联通,企业职员,black
8816988407,539965198011173022,13943977099,6234518566144801304,268,43,3,6,13,36429,89705,6554,0.293,0.423,0.491,2,android,成都,电信,个体经营,gray
7901352376,382083198611012241,13907950817,6218484029307277581,359,31,3,6,16,42630,124343,6971,0.32,0.318,0.445,0,ios,成都,联通,企业职员,gray
8229329189,41828619680720597X,13313996354,6273712644234513912,40,13,38,9,25,45445,322172,51927,0.75,0.571,0.519,4,web,武汉,电信,个体经营,black
4473937313,437222199709289725,15030068994,6223351695621555337,76,23,17,13,47,82878,711805,46806,0.471,0.415,0.441,4,windows,北京,电信,学生,black
0449294236,121188199510053707,13841249546,6231545238159105487,347,32,4,4,8,19693,111504,16672,0.217,0.316,0.49,2,harmony,武汉,电信,务农,gray
1252643989,358040197810196192,19955175976,6236661873178841924,3490,130,1,1,8,1951,15255,3125,0.153,0.236,0.131,0,harmony,北京,移动,自由职业,white
3580767666,476385196806186443,18605177393,6207474106130505818,244,25,1,5,13,24242,209579,22021,0.234,0.402,0.305,1,android,上海,电信,退休,gray
3006491194,577837198308268703,19996878255,6242404745813904464,218,32,5,6,23,37883,131560,11415,0.196,0.155,0.407,1,ios,深圳,移动,退休,gray
7387979706,361663196911205533,18684605196,6243511290359550860,15,8,28,14,36,46434,851029,27691,0.775,0.722,0.776,1,web,西安,移动,自由职业,black
9878508077,615593198404021597,13376399251,6287814055290821275,26,11,20,6,63,76504,276499,65474,0.43,0.336,0.605,5,web,武汉,电信,企业职员,black
7530489817,606782198403185924,18614206467,6259595677745739784,88,8,16,7,74,40728,370403,82491,0.377,0.615,0.447,8,web,广州,联通,退休,black
1757449772,171236199408072784,13895165993,6231699739638516872,2780,154,1,1,16,2742,39371,3217,0.12,0.026,0.274,0,harmony,武汉,联通,退休,white
4662414438,37430519991123504X,15030017716,6211344360042457389,3,28,8,13,74,117025,642273,33317,0.625,0.447,0.742,8,windows,杭州,移动,学生,black
5609122351,389285199012256398,13307669280,6244173732876287201,1560,199,0,3,10,5654,6198,1233,0.094,0.234,0.153,0,harmony,成都,电信,企业职员,white
3226562933,228196199602125317,13815809377,6213291234691049465,2470,156,2,3,13,1453,17426,1769,0.135,0.194,0.102,0,ios,杭州,联通,自由职业,white
3690543590,371521199912263621,19958560809,6272064136743375947,73,19,36,5,72,77663,209674,84044,0.798,0.362,0.696,5,web,武汉,联通,自由职业,black
0133590631,126756200204270780,18642597228,6212844466062329873,566,62,2,2,14,5661,38501,1976,0.105,0.043,0.235,0,harmony,杭州,移动,企业职员,white
9010000414,289018199803203011,18695681481,6278868787222312842,1927,97,2,1,13,6860,14296,494,0.16,0.13,0.073,0,harmony,武汉,联通,务农,white
4069264474,587905198701237279,13943526459,6291996446956904279,3,22,35,4,34,67375,414920,76866,0.639,0.705,0.815,6,web,杭州,移动,个体经营,black
5542365475,21350919960602180X,18634624570,6238439852105051723,2345,60,0,2,12,1363,26535,2559,0.094,0.074,0.278,0,android,武汉,联通,自由职业,white
2227140097,50240419660706945X,13398395834,6200282144268338420,72,25,37,11,29,66141,337778,26950,0.587,0.342,0.895,1,windows,武汉,联通,学生,black
4767691724,304923197605178116,13859053726,6251205378862499445,3,11,34,9,37,57555,377773,67855,0.549,0.333,0.729,7,windows,成都,电信,个体经营,black
9118663989,383463196804246204,13849868264,6238946544953875241,112,54,4,3,15,10961,199819,8031,0.301,0.2,0.384,1,harmony,西安,移动,企业职员,gray
5732235754,344426197707283173,19994467318,6242016668717667620,2155,145,0,1,3,1134,4187,3315,0.103,0.225,0.177,0,harmony,武汉,电信,务农,white
5871820227,554992199106057116,13314051998,6275515381454935453,70,33,2,6,17,42622,115425,19415,0.217,0.425,0.355,1,ios,广州,联通,退休,gray
4378889264,394992197608139610,13986947614,6219444186970845165,49,29,27,10,42,118535,252638,34761,0.658,0.823,0.87,5,web,成都,移动,学生,black
5068064976,354302196510196360,13316317928,6216059785709057600,151,59,5,5,13,8487,114787,18512,0.225,0.192,0.322,1,ios,北京,移动,个体经营,gray
9853114721,263429197008062861,13853170975,6223870712677299460,40,19,37,5,69,84565,642396,40537,0.655,0.636,0.697,7,web,杭州,移动,企业职员,black
2440894880,638898199905230184,13325689424,6270134897646686761,20,30,15,4,62,77886,316088,25333,0.665,0.867,0.855,5,windows,上海,电信,务农,black
8266489999,648961197706104208,13387732045,6235553047710387923,3843,101,0,1,15,1191,30930,3534,0.079,0.107,0.018,0,ios,西安,联通,务农,white
6738057522,199399198302088009,18687030344,6209992305414758051,256,21,2,2,25,42983,75148,15748,0.399,0.31,0.471,2,harmony,深圳,移动,退休,gray
9102226435,517493197705181286,13802176472,6214612649711310284,28,10,6,4,39,74375,459350,58378,0.672,0.824,0.643,3,web,西安,移动,退休,black
7155639996,422070198910086104,19985805675,6208741062438182587,2029,52,1,1,2,2564,32341,3599,0.043,0.037,0.197,0,harmony,武汉,移动,学生,white
6534348609,296065196704132308,13323040786,6231450650275887602,986,118,1,3,9,5896,23438,1038,0.196,0.006,0.237,0,harmony,广州,移动,学生,white
9585346408,439647196906208131,13859042020,6277053856285291946,2646,52,2,3,13,1391,33439,2296,0.019,0.138,0.085,0,harmony,上海,电信,企业职员,white
9021236296,275308197410178264,13873963912,6256080966884682025,247,10,1,5,22,34492,194049,15496,0.174,0.144,0.486,2,ios,杭州,联通,学生,gray
1796900737,320584197305014118,13913096652,6244744065476639537,84,27,16,5,52,115130,838791,72421,0.6,0.563,0.777,3,web,杭州,联通,个体经营,black
6854709599,331728198901050734,13834579084,6240574454574421013,51,8,15,5,87,91485,451716,60783,0.778,0.887,0.608,7,web,杭州,联通,学生,black
9050185623,408504199003051709,13810561309,6208742172444844921,320,14,3,4,27,25170,106305,19666,0.302,0.465,0.214,1,android,上海,电信,学生,gray
9523629491,272494197901013297,18602668471,6221025154276854969,55,6,36,8,89,62444,809656,52273,0.377,0.3,0.572,3,web,北京,电信,企业职员,black
7059705610,584956200307191773,13393057158,6223677726384252452,3281,119,1,1,18,1607,32376,3300,0.137,0.067,0.168,0,harmony,成都,联通,自由职业,white
6415363094,293631197812132819,13366716948,6208672511914504749,3034,71,1,1,4,3772,32994,3048,0.063,0.152,0.284,0,android,上海,联通,退休,white
8925096822,357071200406114462,15068516468,6284623679371084392,2589,97,0,3,3,1991,36180,654,0.175,0.209,0.127,0,harmony,广州,联通,退休,white
7147607493,540914199309050363,13915414088,6229011968789850356,428,139,2,2,8,8781,31476,2478,0.032,0.029,0.128,0,ios,武汉,联通,学生,white
6098152684,230387199404283247,13345552697,6239491315117909223,45,8,26,9,75,51624,317499,69918,0.727,0.414,0.437,8,windows,上海,移动,个体经营,black
5958616952,448282196709201331,19924085623,6264512124772919564,60,12,3,4,21,90295,280804,85961,0.429,0.501,0.519,6,windows,深圳,电信,务农,black
0143783457,123624196709251225,13972460470,6233709491346541866,16,19,36,6,47,98203,764942,82840,0.657,0.44,0.638,1,web,广州,移动,个体经营,black
1608469920,197189198302268432,18627773952,6293248014944960402,188,25,5,4,30,40008,198853,15493,0.321,0.362,0.19,1,harmony,深圳,移动,学生,gray
4990307926,618153197107149906,13987364777,6279593383390716372,79,21,26,15,51,40310,344868,29680,0.569,0.655,0.747,2,web,上海,联通,个体经营,black
3672511812,215168200109143623,13994918956,6210526719106507966,1979,185,1,1,3,4143,35545,2246,0.154,0.027,0.196,0,android,武汉,移动,退休,white
1689965946,120763197606165773,13816433752,6208925234141541053,59,16,13,5,61,34345,575718,41718,0.498,0.479,0.729,8,web,广州,联通,退休,black
1107281701,269374199706011484,18681083233,6213502922028990482,36,27,18,11,75,62203,860598,70338,0.408,0.369,0.537,4,web,深圳,电信,企业职员,black
7831143549,314560197311160454,13864941843,6241887789572274258,14,25,27,12,59,74347,561466,34210,0.706,0.888,0.688,6,web,北京,联通,学生,black
7651997954,575388199907167841,18664860179,6288408778374317256,38,7,19,11,71,34127,519586,23088,0.778,0.727,0.816,6,web,武汉,电信,个体经营,black
3480384426,137207199707129672,13302522786,6245335490347005607,2052,185,0,2,6,7764,22722,2951,0.034,0.232,0.194,0,android,广州,联通,自由职业,white
7618417959,551249197603183774,13378968387,6220461029882998780,3,14,30,13,62,69082,545058,53716,0.487,0.748,0.653,7,web,杭州,联通,退休,black
3388545549,508855197902132018,13891675915,6210982009248915918,203,46,5,4,22,36910,235158,18514,0.368,0.447,0.308,1,android,深圳,移动,自由职业,gray
6332275373,644971199709233475,13928900574,6287251962164534712,82,13,18,4,27,98695,289488,62482,0.766,0.461,0.537,4,web,广州,联通,务农,black
1074659322,562031196702199670,13895781997,6220553958368109223,35,29,31,13,21,113606,416384,73885,0.442,0.526,0.866,6,web,深圳,电信,个体经营,black
3602493409,296758199401090951,18659626064,6277655040835315410,1793,108,1,2,9,1057,21574,873,0.112,0.235,0.253,0,android,武汉,移动,企业职员,white
3180399186,217101196602161540,18676214743,6231928156032592340,35,6,30,7,41,78878,602316,67383,0.725,0.528,0.449,2,web,杭州,联通,务农,black
0140188776,233311199608076536,15030513986,6203623025065232113,2475,138,2,3,9,6278,3634,512,0.038,0.137,0.171,0,ios,深圳,联通,自由职业,white
3861510619,596598198506136466,13327887407,6244337017942500715,21,7,7,13,68,97718,834203,80605,0.711,0.47,0.783,3,windows,广州,移动,学生,black
0171813879,225622198405164293,13398962632,6251340304538197394,22,12,20,9,82,35958,201241,51038,0.731,0.368,0.724,3,windows,成都,电信,企业职员,black
1351311591,134311197410093459,18651873359,6240348068480470163,79,6,33,11,56,80606,713627,50261,0.702,0.494,0.659,7,windows,杭州,联通,个体经营,black
2767280941,467827198102034017,13857916993,6216690958494908125,3478,108,1,3,18,3662,24440,3830,0.013,0.024,0.04,0,android,杭州,联通,务农,white
9595786554,168189198402121038,13968335650,6271806456154957028,184,22,6,3,12,18649,210141,15043,0.382,0.205,0.529,1,harmony,西安,电信,务农,gray
6781711436,390721196601109551,15030378366,6244067489520418995,52,12,1,4,8,23357,141790,24144,0.435,0.459,0.258,1,ios,上海,电信,个体经营,gray
8656327865,558315196502222872,19904975888,6265708986172297889,23,24,30,6,34,33067,726527,87247,0.365,0.352,0.49,5,windows,北京,联通,自由职业,black
8275480282,245873199908011647,19945448405,6217749739757625713,21,20,24,10,90,85732,826760,42408,0.755,0.435,0.667,8,windows,广州,电信,务农,black
8873519284,366520199002254194,13951063293,6250419191867788841,54,16,36,9,40,76432,889530,46309,0.445,0.733,0.72,1,windows,杭州,移动,个体经营,black
7677082528,574813196807159305,13938562360,6233323808719705871,72,26,13,14,74,88477,554723,31574,0.431,0.307,0.767,3,windows,广州,电信,务农,black
7408409168,595507196811103557,13827188809,6275055170361838347,62,21,3,15,23,109663,336199,68774,0.597,0.392,0.742,2,web,深圳,移动,企业职员,black
0002206058,600185197508244890,19973812699,6210253116999424835,64,25,28,4,87,58032,202839,81444,0.415,0.811,0.532,3,web,上海,电信,退休,black
6506391779,259103199412040592,19919086483,6208657726041516164,2112,53,0,1,11,7244,7386,3336,0.087,0.134,0.268,0,android,广州,移动,退休,white
7870949222,420785198608245994,15051661884,6292441561226820217,226,59,3,2,14,9776,85310,15407,0.319,0.146,0.358,2,android,上海,移动,退休,gray
0126497703,25024919920112971X,13936640543,6207635780936706469,2006,109,0,2,10,1396,16294,2573,0.147,0.236,0.107,0,android,深圳,电信,学生,white
2139675534,417521200410279384,13848679424,6277355272187142940,2018,52,1,1,4,4631,8127,2521,0.115,0.112,0.1,0,harmony,成都,移动,学生,white
4520644043,169578199812138408,19957348060,6272984241594896701,54,8,28,9,59,119268,810983,74016,0.501,0.755,0.46,2,web,武汉,移动,退休,black
6934963319,121566197801141574,18670505482,6290783054107974307,451,107,1,3,3,6816,31712,1906,0.026,0.145,0.025,0,ios,深圳,移动,企业职员,white
3903341731,239533198605174221,19936162881,6277729102296134884,41,13,22,6,65,114014,236392,29227,0.459,0.661,0.766,8,windows,深圳,移动,自由职业,black
2292196778,139145198001097182,13915385127,6215835237115917397,42,25,36,10,65,70293,438720,47003,0.614,0.7,0.541,2,windows,北京,联通,企业职员,black
7025645722,622469198204095938,13344050463,6265043166880676818,89,29,4,7,67,44910,485440,34320,0.475,0.881,0.48,5,windows,上海,移动,自由职业,black
6196382797,599484200205121837,15007524887,6272913950052756346,13,10,6,8,22,70264,401192,55851,0.766,0.742,0.459,1,web,上海,联通,企业职员,black
1548557834,120228197306250099,13956036706,6272952666510775532,68,12,13,12,29,54466,480010,80573,0.369,0.638,0.452,7,web,成都,移动,学生,black
1004650972,201246197411113693,13966167639,6259945607072226663,274,32,6,2,16,9375,101163,12582,0.176,0.22,0.214,2,android,深圳,联通,退休,gray
3757442602,644065199607222635,13393232786,6282551697864196802,29,17,36,10,84,43180,531115,84702,0.467,0.37,0.836,6,windows,杭州,移动,企业职员,black
0477035324,559649196702011887,13836605665,6286858019556922565,36,19,30,15,38,30843,615732,28320,0.408,0.371,0.442,8,windows,成都,联通,自由职业,black
3576563287,152580199602109880,13849555813,6244785412247924734,278,44,5,6,19,28049,247718,12999,0.438,0.448,0.222,2,ios,深圳,移动,自由职业,gray
1048738982,459869198209212316,13879538593,6258839515833355136,304,19,1,4,15,31516,128020,8933,0.377,0.285,0.333,1,ios,广州,联通,企业职员,gray
7830080553,317401197110218341,13325304196,6284112709977018279,14,6,33,15,39,35790,429214,71942,0.359,0.33,0.485,2,web,广州,移动,学生,black
7821252691,542407198108155742,13928085265,6259092013739806604,901,178,2,2,7,5795,7938,843,0.138,0.153,0.225,0,android,成都,联通,退休,white
8217943323,40183319670726294X,15099074178,6218289916152138546,77,47,2,5,20,44547,134439,15522,0.298,0.472,0.256,2,android,武汉,联通,退休,gray
6367899472,454601197101147117,13854667750,6234676880940192061,1330,95,0,3,6,1587,10490,3801,0.076,0.128,0.225,0,ios,深圳,电信,务农,white
4941646582,592704196706160541,13929696685,6233061956354855163,1635,185,2,2,7,6799,10715,748,0.03,0.207,0.028,0,android,武汉,联通,个体经营,white
3793289964,163407197607072479,13965424638,6294485479783112890,24,8,25,11,71,64850,481119,56601,0.653,0.76,0.655,7,windows,西安,移动,自由职业,black
3713961450,318292196604061344,19973344749,6265954731224597929,3274,62,2,1,7,7581,38583,3958,0.167,0.202,0.175,0,harmony,上海,电信,务农,white
0054147692,658167196806121932,13840033233,6264101049152332102,101,41,2,5,21,25835,62356,19625,0.428,0.355,0.269,0,android,深圳,电信,退休,gray
4015025013,265035200203225845,13836675435,6251461801035670922,85,21,17,8,41,32037,469676,52084,0.609,0.666,0.521,1,windows,成都,联通,学生,black
1572075430,517547198905205844,19987719074,6262598293288651754,3056,62,1,1,4,2930,25754,1066,0.026,0.225,0.246,0,android,杭州,联通,退休,white
4746086486,255112198503240558,13815152117,6213490061358896253,87,17,36,9,45,116668,412479,80831,0.754,0.532,0.693,3,web,杭州,移动,务农,black
6422474271,480633200306281202,18675036851,6294587244700638864,79,25,33,14,87,52284,568245,59268,0.499,0.539,0.841,1,web,杭州,移动,退休,black
1305868195,371744198809224592,13374891230,6238454005648098907,62,29,14,9,40,35386,301125,69190,0.506,0.32,0.892,6,web,杭州,移动,务农,black
6384848367,643015197212139573,13330614580,6257232099137133421,2848,163,1,2,11,7762,10481,1950,0.16,0.079,0.209,0,harmony,上海,联通,学生,white
5260592807,333276196807220674,13892028950,6272048835910453252,55,58,8,5,22,37145,100614,11255,0.358,0.229,0.203,0,ios,杭州,联通,退休,gray
5562875292,286507199807079880,19926874233,6282420095947892330,85,20,10,5,38,75926,749341,84111,0.689,0.59,0.464,2,windows,成都,联通,退休,black
3437019207,557613200404113242,18625873801,6263589185433638270,1435,82,1,1,13,6775,6308,1262,0.107,0.217,0.112,0,harmony,西安,移动,自由职业,white
1685818350,601592198702049091,18647220407,6243708242139120535,3653,43,0,3,8,687,20933,366,0.003,0.006,0.241,0,harmony,武汉,电信,退休,white
2758086334,534133198408110587,15058956087,6214113587508542099,275,25,8,4,11,35779,184422,16215,0.395,0.495,0.395,1,harmony,深圳,联通,个体经营,gray
0676808081,452241199807175176,18660881061,6257516742078665875,3048,36,1,3,9,7974,37396,3941,0.134,0.117,0.016,0,android,西安,电信,个体经营,white
3624745104,611648198401132120,15070817305,6295300115181148598,158,25,2,5,20,37740,94313,12510,0.445,0.125,0.33,0,android,深圳,移动,学生,gray
7335093222,194278198210103876,13859250062,6278506130319712107,66,11,7,6,69,76314,776290,44958,0.718,0.44,0.673,1,web,武汉,联通,自由职业,black
9924089360,655719198307172328,15030886167,6258883059799872902,9,12,10,12,49,53809,543560,44619,0.724,0.342,0.862,8,web,上海,联通,自由职业,black
9125019164,55854419930913898X,19947346540,6283511211471786270,85,8,36,12,86,90716,780890,45400,0.764,0.884,0.866,3,web,广州,联通,企业职员,black
2490605763,173367198706047033,13813750857,6200275821959039199,3679,84,0,1,14,4774,39657,3323,0.105,0.105,0.118,0,android,西安,移动,自由职业,white
4715047725,12312919650126257X,13921997454,6280288111301300828,575,174,2,1,14,6070,10367,3724,0.027,0.008,0.16,0,harmony,杭州,联通,企业职员,white
6850887943,518397198703179084,13925968304,6227034196864355519,42,5,6,5,39,84431,227717,42569,0.377,0.684,0.488,7,windows,广州,移动,个体经营,black
7743223005,373988198811273870,13893979990,6270587270987226184,77,5,22,8,73,117518,382572,44306,0.563,0.408,0.415,4,windows,西安,联通,退休,black
0562887163,515334199912233188,19919004321,6226981529383851482,121,60,6,4,21,13916,204070,23150,0.256,0.112,0.513,1,harmony,成都,联通,个体经营,gray
9913459902,603501199112095926,15086703434,6264181098449193057,49,24,7,12,29,72377,284183,34297,0.712,0.539,0.601,7,web,西安,电信,务农,black
7818251689,637654197806275674,18618827878,6219584004751719776,3964,148,0,1,6,5371,25443,3526,0.192,0.06,0.029,0,ios,杭州,电信,自由职业,white
6313250991,210302196504227470,15027656450,6251428537349100502,86,9,34,9,38,119095,704787,39656,0.577,0.498,0.88,1,windows,武汉,电信,企业职员,black
2836941892,202391200212039598,15011980794,6256742390489938848,3421,87,1,1,10,7178,7671,1896,0.022,0.214,0.077,0,harmony,广州,电信,务农,white
5099843311,182112198702187485,13942426142,6220595005377764529,29,22,14,12,35,40229,861358,44048,0.449,0.594,0.532,5,windows,武汉,移动,自由职业,black
9251510222,522661199202213792,19979458668,6229484658119480474,38,20,6,5,71,87972,619543,53406,0.497,0.862,0.402,2,windows,杭州,联通,企业职员,black
9913552476,542631199808129063,18660638309,6281219743135989689,69,18,10,12,85,116747,322815,29258,0.505,0.817,0.882,2,windows,上海,移动,学生,black
6357679969,575016196802245701,19990461013,6205060464478486615,88,13,6,15,59,97939,271821,26233,0.788,0.393,0.55,3,web,北京,移动,个体经营,black
6471483069,228778199101017484,15024635805,6245400653999686465,1408,85,1,2,2,4821,12294,2913,0.131,0.156,0.242,0,harmony,西安,联通,务农,white
8499833974,378628197511061243,19924739653,6260596378412377239,3509,193,1,2,8,5868,27846,3777,0.109,0.08,0.253,0,harmony,西安,移动,个体经营,white
5515572887,209450200105120142,19905684652,6293659156780236097,15,5,19,12,33,51733,874621,37096,0.546,0.423,0.833,8,web,西安,移动,学生,black
8390098682,151498196802109459,18601563327,6275859551298082054,178,33,1,3,14,37333,69744,16573,0.151,0.372,0.288,2,ios,武汉,移动,自由职业,gray
4050793361,301454198107151415,13334510934,6251268930484260300,110,14,6,2,19,12742,134298,7332,0.414,0.378,0.356,2,android,杭州,移动,务农,gray
6269224357,277850199209037164,18632737098,6228771037562915038,1008,200,0,1,5,7401,28782,3366,0.149,0.022,0.172,0,harmony,北京,电信,务农,white
0771798535,552538198103124188,18662883430,6276219838282613899,51,5,14,15,61,33372,722709,70331,0.422,0.638,0.686,7,windows,武汉,移动,退休,black
4302384413,233842196912097597,15012158293,6219260087405783574,84,13,17,5,30,42357,579515,31723,0.6,0.403,0.589,3,web,武汉,联通,自由职业,black
2354099091,329736198509138792,13395558504,6224256737305462739,76,6,14,6,77,43441,396821,63659,0.405,0.385,0.657,4,windows,杭州,联通,个体经营,black
0123168810,599727200105159327,15083225215,6228699684470294704,51,24,30,6,40,40302,475719,33967,0.679,0.515,0.494,3,windows,西安,电信,学生,black
2011966947,434471199810163540,15076154940,6290369110416561171,32,18,16,9,23,73930,577768,40533,0.354,0.783,0.466,1,web,西安,联通,自由职业,black
3119769926,34916919991016977X,13837340679,6260268687011409399,51,51,7,6,25,22391,196880,8753,0.206,0.31,0.387,0,ios,武汉,移动,学生,gray
8651638783,271740197108181594,13386603675,6245293460769114666,14,7,4,14,84,87536,891601,48822,0.383,0.815,0.876,8,web,广州,移动,务农,black
8329313462,556221199408044629,18690400269,6264885306862781994,281,37,1,2,28,29323,157842,23121,0.267,0.305,0.173,1,harmony,广州,电信,务农,gray
0987025771,555889197403272875,19919475823,6255662529985245955,2046,49,2,3,4,7978,15076,1584,0.079,0.102,0.09,0,ios,成都,联通,个体经营,white
3247127445,506841198203286167,13375636136,6295329074792014958,75,20,2,6,18,30522,186749,23994,0.2,0.102,0.304,0,android,成都,电信,退休,gray
4594881220,442128196902076310,18685349943,6225170757256752158,43,13,5,15,40,75637,548463,82387,0.552,0.687,0.555,1,web,西安,联通,退休,black
2047229274,338496198301268960,19970169032,6249466210287956839,76,5,26,4,53,83244,743630,86139,0.666,0.551,0.452,7,windows,武汉,联通,务农,black
0648579156,63395219760406338X,19959096891,6243194642924629121,158,14,7,6,12,41461,173071,14511,0.386,0.194,0.229,0,harmony,上海,移动,企业职员,gray
1906340609,177357197603022963,13830539785,6230124282160159188,56,28,40,6,51,44646,442079,87843,0.624,0.601,0.642,6,windows,武汉,移动,退休,black
2085953957,260588197506212360,18684315899,6221228794224206945,89,6,31,10,69,33425,496440,62290,0.613,0.775,0.43,4,windows,成都,电信,务农,black
6422694045,142418197011289134,13857487443,6256031030231366679,30,14,37,7,36,116759,721458,30204,0.651,0.566,0.744,8,web,西安,移动,学生,black
3195877092,161987198211024500,19970253959,6244405564515379028,61,17,34,5,26,57720,722359,88922,0.405,0.777,0.649,1,web,西安,联通,个体经营,black
9609721762,198600199202087659,13837890960,6214719510391132669,126,23,2,5,11,38795,127352,22545,0.34,0.325,0.545,0,android,武汉,电信,务农,gray
2714338752,298253197910262038,13377018345,6234804976346445608,14,5,23,7,60,103115,729042,46955,0.505,0.471,0.442,8,web,北京,电信,退休,black
6368140136,366353199905190598,19959476259,6275064301855369552,2282,36,2,2,7,2450,24417,1916,0.119,0.128,0.002,0,ios,杭州,移动,退休,white
6263340317,451869197902089140,19904944496,6218625553346758984,5,30,35,8,85,104947,806268,74184,0.499,0.879,0.586,3,windows,上海,移动,退休,black
1596315484,234535199705181018,13941848929,6288265818943686436,37,24,36,11,90,50460,377886,56050,0.367,0.333,0.566,5,web,深圳,电信,退休,black
4280820507,578076199503141678,19942369179,6228677226243741234,8,9,15,6,47,75230,466508,57226,0.475,0.55,0.607,1,windows,广州,电信,企业职员,black
9469922000,536095196707256180,15059546585,6210516497028034252,410,156,1,2,18,8753,35853,2675,0.129,0.032,0.048,0,android,广州,移动,自由职业,white
7376167111,130340197405046150,13359462857,6214912512081634748,183,55,8,6,12,20850,155952,19486,0.252,0.409,0.404,1,android,北京,电信,务农,gray
8451792711,183653200309108581,13971854565,6296766966277277830,949,173,0,1,11,1679,28475,679,0.139,0.227,0.089,0,ios,成都,移动,学生,white
6132321848,43517420020921217X,13343591110,6289619376452275194,3754,179,1,3,13,3253,22382,2950,0.177,0.149,0.002,0,android,成都,电信,务农,white
9715057540,223805200409121636,13866041768,6241360313186934797,3881,53,1,2,15,2799,35804,699,0.001,0.182,0.001,0,ios,北京,电信,退休,white
4250975493,629799199310226864,13986797110,6250706126612331508,3288,192,0,2,3,2923,32547,756,0.058,0.005,0.252,0,ios,西安,移动,学生,white
2910449137,357811198605043416,19974061973,6230956696215823375,297,42,4,4,20,24938,129689,12876,0.176,0.5,0.432,0,harmony,广州,电信,个体经营,gray
1107052711,292828197810121609,13994489542,6251223576840470625,318,54,5,5,12,10449,125203,7084,0.259,0.405,0.25,2,android,北京,联通,退休,gray
8151140786,470316198412254703,13950169703,6274461617944549356,3763,46,2,2,4,2845,22808,3427,0.031,0.249,0.246,0,ios,西安,移动,企业职员,white
7384043784,548318199504192032,15072264801,6279285991546508397,227,23,8,5,18,10030,178235,21263,0.396,0.375,0.263,0,harmony,西安,电信,自由职业,gray
6211319387,439908197705220303,13869941709,6203890698026353782,212,45,7,5,12,9352,239378,13998,0.179,0.197,0.163,0,android,成都,移动,学生,gray
8957356996,26826819930509162X,18625677008,6272887143169980385,3066,162,1,3,5,2711,34260,3092,0.128,0.158,0.225,0,ios,成都,联通,个体经营,white
7042012781,225634198307173169,13990062919,6237754815819768243,182,21,4,3,12,26094,77270,9734,0.33,0.342,0.368,1,android,成都,电信,企业职员,gray
3107701021,653210197904059564,13305602571,6291774885406898945,86,9,18,7,45,83398,424346,34953,0.352,0.594,0.505,2,web,杭州,联通,学生,black
3203655865,392405197909039117,13335060807,6268780001990669752,28,12,7,5,44,92299,273226,89962,0.59,0.458,0.615,7,web,深圳,联通,自由职业,black
4280126517,205484199112249969,19937583604,6250807244439770312,10,29,3,10,27,102416,741206,55629,0.705,0.457,0.641,7,web,成都,电信,务农,black
9065608577,269908198508138589,19978272112,6266952570519689567,8,16,31,14,40,72460,332495,77833,0.445,0.381,0.579,1,windows,深圳,移动,企业职员,black
2138197769,493784197203280992,15058121722,6218689866811555468,10,11,30,12,76,75713,753401,74182,0.355,0.377,0.592,3,web,西安,移动,自由职业,black
6605791045,493533198401267147,13870951389,6257980393214802029,483,198,2,3,18,6287,14055,2074,0.199,0.157,0.154,0,android,广州,移动,退休,white
0386231416,475912197101259625,13990270094,6237586973036529070,2401,39,2,1,9,6624,21657,3185,0.19,0.155,0.089,0,android,广州,电信,学生,white
2972988804,446855197711190771,18629075908,6202642025495462748,48,9,39,9,82,119160,879346,50770,0.448,0.752,0.544,8,windows,深圳,移动,自由职业,black
5921623668,234765196503287700,19953785501,6290558625924989759,19,26,26,8,22,110632,580324,37555,0.443,0.338,0.833,1,windows,广州,移动,学生,black
3100549070,355267198710133820,13905975915,6253257362070651539,69,11,7,2,29,40743,195668,23147,0.351,0.417,0.475,2,ios,上海,移动,学生,gray
9549962156,454935197012133163,18668172736,6266000017420246625,184,20,5,4,17,20514,181423,21946,0.39,0.376,0.288,0,ios,武汉,移动,务农,gray
2099048745,646563198801221229,13391734205,6248353847663287277,18,25,26,13,64,86567,367467,29100,0.635,0.323,0.469,1,windows,西安,联通,务农,black
3630812398,64142120020417313X,13343879769,6263395359088010881,154,59,7,4,16,29231,66165,15794,0.259,0.488,0.45,2,harmony,武汉,移动,退休,gray
3940963613,627920198212078389,13360387046,6298849200951554770,193,59,3,6,26,21681,244438,12629,0.189,0.281,0.521,2,android,武汉,电信,企业职员,gray
0417155737,228329198210137518,15031175796,6291155630244815982,39,22,37,12,47,59805,708126,86249,0.602,0.422,0.852,5,windows,深圳,移动,自由职业,black
1110859217,214341198101124988,13961285008,6231302296254587300,118,40,6,2,17,27897,73445,13436,0.288,0.31,0.34,0,ios,西安,移动,企业职员,gray
3649597040,20003519691028485X,18676520469,6290152873566118907,65,21,38,13,70,101659,586060,45080,0.665,0.407,0.574,8,web,深圳,移动,退休,black
1958919817,243806196707245941,19906930809,6250644672169252268,77,8,7,11,39,37581,517267,54181,0.569,0.301,0.688,2,web,深圳,电信,自由职业,black
1112761639,32773419910609808X,13832027705,6274675450578151576,75,19,38,11,60,53033,320596,37994,0.744,0.603,0.475,2,web,成都,移动,自由职业,black
2127933583,527374199708184376,18662425667,6282368770895382978,1896,186,1,3,3,6835,38493,2990,0.037,0.209,0.127,0,harmony,成都,电信,个体经营,white
3961380153,597210198112094069,13885052354,6292874494339497509,91,12,5,6,30,36908,73925,16876,0.286,0.455,0.151,2,harmony,深圳,联通,务农,gray
3777882473,206717196704059262,13865050641,6227261217040633624,3839,37,0,1,12,6866,16424,2697,0.172,0.087,0.092,0,ios,北京,联通,自由职业,white
1586996192,170351199310130028,13322618438,6218573798522730409,56,59,3,4,17,8870,125776,6907,0.242,0.355,0.336,1,ios,北京,移动,退休,gray
5693485743,142645198311074612,13821006836,6277906854374171282,265,51,4,5,27,44112,158806,17940,0.187,0.202,0.202,0,android,广州,联通,企业职员,gray
2908070146,581547199210038953,19946851096,6262889996724615498,3766,154,2,1,6,543,27930,3512,0.06,0.123,0.231,0,android,上海,联通,务农,white
6450362582,639508197112186112,15091320123,6209134129704939884,77,27,32,11,27,37957,513118,60498,0.53,0.788,0.67,4,windows,杭州,移动,个体经营,black
3187494046,27844419960417252X,13995438628,6202459108540849899,67,25,22,6,48,45584,371194,29664,0.729,0.45,0.822,8,windows,武汉,移动,企业职员,black
5769946587,183877198106046231,19936939459,6247469317659594879,49,60,3,3,14,8558,175444,19051,0.322,0.463,0.384,2,harmony,北京,联通,学生,gray
1555817218,456095200011138097,13364617559,6238189926858204856,67,20,35,11,47,93062,630702,80620,0.401,0.874,0.815,5,web,成都,电信,自由职业,black
1967889464,354892198702096808,13986273165,6215309184632945030,1324,64,0,2,13,5614,19743,2110,0.127,0.047,0.132,0,android,广州,联通,个体经营,white
1466776517,563374198112127946,13979186715,6241325020208298223,2103,105,2,3,13,1286,22534,1691,0.067,0.243,0.124,0,ios,北京,移动,个体经营,white
4105529388,57106219910528406X,18645683683,6275521680292630450,2130,82,1,2,16,1097,31686,3345,0.036,0.193,0.181,0,android,深圳,联通,务农,white
5006482416,150459200203185725,13346120837,6251050338635014845,1373,113,2,2,13,8187,9995,3894,0.162,0.001,0.265,0,harmony,西安,电信,自由职业,white
2980556529,146684196803141058,19950861586,6226695168399803585,753,190,2,1,3,827,15595,1935,0.123,0.037,0.187,0,android,成都,联通,退休,white
9119184409,163785197303169317,13974831636,6237134751243704547,22,17,24,7,24,35368,644336,66956,0.745,0.42,0.47,7,windows,上海,电信,务农,black
7141656418,113035197010031295,19948345052,6212624911902953663,307,41,4,2,22,14158,210568,9016,0.273,0.134,0.403,0,harmony,成都,移动,务农,gray
9915362701,650576197306070665,15044063091,6232208235487812115,8,14,24,4,42,101865,236200,87529,0.397,0.484,0.407,3,web,上海,电信,企业职员,black
4630131154,241093199802125179,15089845259,6224297279525888208,295,44,3,5,9,8197,242094,13813,0.422,0.269,0.425,0,harmony,西安,电信,企业职员,gray
7266928259,245437199109176261,19927320647,6253751057153395678,80,17,37,4,78,78608,569537,31366,0.767,0.438,0.713,6,web,成都,联通,务农,black
1678776937,392939199008230840,13805530983,6284357830013395926,39,28,8,5,42,101758,785643,50194,0.745,0.424,0.763,5,web,杭州,联通,务农,black
3451748502,47369819871224723X,13997132387,6216814750750030906,51,17,30,12,84,71725,803743,22879,0.653,0.425,0.729,4,windows,深圳,移动,学生,black
0997333246,375482197108213911,19991759079,6240647035843731155,64,6,19,13,59,34236,847151,26463,0.744,0.854,0.693,2,web,杭州,联通,自由职业,black
0737374358,160249196606084884,19908490971,6278274365977398771,206,10,5,4,19,19029,140735,6078,0.199,0.203,0.508,2,ios,西安,移动,企业职员,gray
5143464326,226534200005096440,18683984929,6213308160698195338,23,30,39,9,29,72552,779771,84675,0.484,0.63,0.895,8,web,成都,联通,企业职员,black
3264914724,33265019850211036X,13317858923,6276222960591078231,3622,123,2,1,12,2087,6416,936,0.021,0.144,0.265,0,harmony,杭州,联通,务农,white
9933800804,222233200310246467,15011756417,6292022352094886053,247,29,7,5,15,26856,230410,19410,0.446,0.178,0.277,2,ios,西安,联通,自由职业,gray
7029776229,207526197501129234,15058661181,6222924518003301726,86,6,33,4,59,49464,329069,58863,0.71,0.372,0.738,1,windows,杭州,联通,学生,black
0907171028,427739198904205402,13821642244,6276889671994759342,243,24,7,3,17,27639,67361,16472,0.349,0.161,0.154,2,harmony,西安,电信,学生,gray
0476634862,631675197309236521,18658101957,6264607132363152608,80,6,38,11,37,69413,545993,31848,0.688,0.752,0.66,2,web,深圳,联通,退休,black
4808018587,123141199207026905,19902991249,6227722931206213687,226,47,4,2,21,18371,61745,8883,0.385,0.199,0.192,1,harmony,西安,移动,务农,gray
4643029179,329073199911103669,18646050340,6213437986333167961,353,60,1,5,28,11388,136118,18633,0.349,0.315,0.293,1,ios,西安,电信,退休,gray
7613115962,150880196810125380,15008675440,6283277988416216201,46,11,28,9,71,118778,708133,84567,0.527,0.423,0.76,4,windows,成都,电信,个体经营,black
4377539352,486733198004179664,13847806879,6264416246581554981,32,26,5,4,26,77020,783495,32407,0.593,0.67,0.443,6,windows,上海,移动,学生,black
4232133850,319084197605115692,15049728333,6201528625449494192,307,24,1,5,13,39161,60136,20054,0.169,0.366,0.429,2,android,上海,移动,个体经营,gray
3758096976,198010199208136948,13875414985,6229992557558395597,335,48,4,6,12,25859,142297,21157,0.228,0.202,0.324,2,harmony,广州,联通,个体经营,gray
1743871822,52057319960908903X,15018794621,6235488557989962012,32,13,25,15,22,84243,231880,44866,0.437,0.858,0.8,2,windows,深圳,联通,企业职员,black
8912960795,302502196606184867,13372776579,6285779902340770471,49,5,32,12,85,67167,856738,54368,0.454,0.391,0.526,7,windows,北京,联通,个体经营,black
1445361551,177109199001262326,13325382074,6246124918477669909,2565,142,1,2,9,1904,5849,2249,0.067,0.042,0.021,0,harmony,北京,移动,自由职业,white
0039268214,331382200304131594,18672518951,6216049001447904773,2048,121,2,2,17,5579,30065,3225,0.187,0.152,0.188,0,ios,武汉,电信,自由职业,white
7341822784,181260198112257343,13911431420,6212705318660121684,3965,52,2,3,14,1010,6548,3871,0.119,0.076,0.101,0,harmony,成都,联通,退休,white
4881414906,55503720020907607X,13306522709,6218252836015291770,3807,61,0,2,17,7247,8877,2533,0.139,0.16,0.055,0,android,西安,联通,学生,white
8402145858,503521199011084818,13933932505,6215463473809460477,360,33,7,5,17,26569,150506,20014,0.379,0.319,0.445,2,android,武汉,移动,学生,gray
8565246840,341354197612067867,19982444867,6209870124983215356,28,8,26,9,74,108005,861785,70141,0.545,0.748,0.457,3,web,深圳,电信,企业职员,black
4685308359,191809197704274016,13346919976,6238713069626937673,3,30,5,12,40,101346,671038,49894,0.711,0.459,0.535,1,web,杭州,电信,个体经营,black
0107921902,637435197904134353,13895164109,6245785301081794209,116,21,1,5,9,34689,188715,15830,0.28,0.4,0.25,0,harmony,杭州,联通,退休,gray
9938635954,541504200410180540,13314199502,6292742304558625504,12,6,38,12,83,34027,558586,48868,0.405,0.865,0.726,2,web,深圳,移动,自由职业,black
8541016480,161308199901141057,13971314335,6276896702343869179,52,23,32,5,74,31964,839491,33733,0.455,0.616,0.533,5,web,成都,电信,务农,black
0345782436,159495198109057430,13922494393,6284703957529490104,236,21,4,4,21,23043,133576,21071,0.321,0.433,0.497,0,android,杭州,联通,退休,gray
6968718349,607898196602174839,13836621724,6246459469076591362,36,9,13,12,41,45952,382734,47268,0.513,0.423,0.75,2,windows,广州,联通,个体经营,black
0165544066,397551199211156667,19950009323,6272369738307650919,26,22,22,6,75,48310,629949,40600,0.525,0.332,0.678,3,windows,北京,移动,退休,black
2750627677,205438200010261777,13886965187,6237860646871995116,60,18,6,12,67,115978,200427,20646,0.536,0.429,0.641,8,web,深圳,电信,学生,black
1397411100,639366196907204349,19953061192,6212640512635192841,2938,146,2,1,18,7562,3765,1317,0.177,0.0,0.264,0,harmony,深圳,移动,个体经营,white
2909792763,464977196912193786,13979266513,6227712587239951138,3380,170,1,3,16,6726,36099,484,0.148,0.19,0.07,0,ios,西安,联通,务农,white
0583642348,621781198912260564,13982803297,6277647863504090345,24,19,29,12,69,76518,787110,72229,0.689,0.519,0.775,6,web,杭州,联通,企业职员,black
7994369052,578499200207165597,13387421091,6240673579106117543,3098,187,0,2,6,687,20815,616,0.078,0.169,0.005,0,harmony,上海,电信,务农,white
8819396592,177809197107107172,15091719710,6212753841478279260,21,13,18,5,40,108338,535510,69900,0.673,0.303,0.482,1,windows,深圳,电信,学生,black
5426299732,599307197201197238,13363161640,6226979884997822000,57,12,23,13,85,100169,735913,60514,0.7,0.449,0.623,8,web,西安,移动,企业职员,black
6498990229,631322200104076469,13963947908,6281363303444137808,75,5,27,8,38,77247,320018,31727,0.605,0.521,0.5,6,web,西安,联通,务农,black
1103466650,464303199104201266,18655532251,6273841725820125745,1004,193,2,2,8,4963,25042,2065,0.165,0.067,0.017,0,harmony,成都,电信,自由职业,white
7445536243,420007197610024388,13916008410,6220260351921687575,293,35,6,2,9,34347,133411,14776,0.265,0.191,0.219,1,harmony,西安,电信,退休,gray
6622353256,13121719870325357X,13302958889,6294486327323225208,3959,84,1,2,7,3371,24434,485,0.131,0.096,0.198,0,harmony,武汉,电信,个体经营,white
8543147248,574328199509131598,18664209597,6293084494562253299,2516,46,2,3,15,5226,14382,1743,0.197,0.038,0.258,0,harmony,武汉,移动,务农,white
9381861624,655704199101021556,13386593524,6226155865568017111,64,7,5,5,43,93344,459589,53213,0.777,0.529,0.483,4,windows,武汉,联通,企业职员,black
7869810243,487656200405101096,13946160983,6249669340733032213,1088,112,0,1,15,7212,17775,3941,0.126,0.123,0.184,0,harmony,杭州,移动,退休,white
4926943104,189647197404165417,19914445965,6273601617833386380,30,12,31,8,50,100994,732850,60542,0.67,0.608,0.743,5,windows,西安,联通,个体经营,black
1877039046,183997199810236993,15081639285,6249269322638660646,688,81,2,1,17,3409,25872,3528,0.113,0.05,0.134,0,harmony,深圳,联通,退休,white
0501407965,168444198512074010,13813296632,6265033575506186378,25,10,34,8,46,114114,886931,43967,0.682,0.589,0.584,4,windows,北京,电信,企业职员,black
2242272398,64196219990423694X,13827286493,6280699984052365265,180,27,3,6,29,26872,71093,21486,0.286,0.253,0.212,0,ios,杭州,移动,自由职业,gray
6803395856,164675199801176099,15079235734,6248809056005251316,2734,57,0,1,7,3199,39176,1410,0.152,0.202,0.17,0,ios,上海,移动,退休,white
9005405806,620718196912087516,18693779664,6266309841410563031,36,19,35,13,71,96169,692126,64994,0.624,0.794,0.868,8,windows,北京,电信,退休,black
1880838809,352124199212215321,13331540370,6223460009151637857,2876,96,2,3,9,8671,10317,2172,0.2,0.219,0.12,0,harmony,深圳,电信,务农,white
1650682913,417188197607233878,15018153289,6249740170556519355,2674,133,1,3,7,4954,12301,1138,0.175,0.189,0.168,0,harmony,西安,移动,自由职业,white
1263851980,292894199505271053,13975743977,6282853317416722054,40,17,32,5,25,43742,528062,32122,0.46,0.899,0.5,8,windows,上海,联通,自由职业,black
8552327618,367749200111041522,18657772363,6221483959641198125,233,28,6,2,12,25316,118050,12663,0.422,0.36,0.265,0,ios,广州,联通,企业职员,gray
3468686886,636779199208286568,13887492463,6269256623572725625,927,168,0,1,4,8035,29635,3302,0.094,0.001,0.297,0,ios,广州,电信,自由职业,white
7653533377,156688197711036909,18693900766,6241621488337149483,1878,70,1,3,7,4489,17707,1099,0.18,0.216,0.108,0,ios,广州,联通,退休,white
1155984356,549099197310190574,13953049918,6257920444430388673,480,175,1,3,9,7171,26956,2776,0.094,0.137,0.134,0,android,深圳,电信,学生,white
9633013501,528714198812029491,13867209103,6281685601013679294,31,15,3,2,11,22358,173641,16285,0.267,0.236,0.484,0,ios,广州,移动,学生,gray
9936880075,271045199407186161,18653752558,6281955957042516682,1794,112,2,1,2,7052,3366,903,0.173,0.08,0.032,0,android,广州,联通,务农,white
3789053669,558317198307150337,13358724834,6219904968877782146,81,11,1,6,10,19173,132917,8845,0.277,0.278,0.238,0,ios,深圳,移动,个体经营,gray
2868620361,42943619661010120X,19912465678,6267062158935316246,3595,150,1,3,4,8237,15586,2752,0.121,0.11,0.275,0,harmony,成都,电信,退休,white
7625749865,376771198511199695,13380477328,6225584566860372150,2675,43,0,3,7,8816,31361,1344,0.074,0.111,0.294,0,android,北京,移动,企业职员,white
0074830379,129542199001279566,13373905779,6224175187451777369,48,9,12,11,57,93234,437967,59045,0.761,0.76,0.503,2,windows,杭州,移动,企业职员,black
3198627471,469903196511260433,15089389671,6245324354497755437,73,8,15,13,74,72743,289217,75678,0.591,0.421,0.404,1,web,成都,电信,个体经营,black
2868838561,204675199211056199,15053876832,6200106922913664008,27,6,31,14,33,51353,640469,82830,0.794,0.663,0.718,3,web,武汉,电信,务农,black
5139113561,419309198108116209,18616263360,6277822756306532721,71,11,34,10,47,102879,711629,29691,0.416,0.699,0.66,3,web,北京,电信,个体经营,black
2702073309,257491200404136235,15074240128,6208373177596725848,48,32,8,3,26,32893,158843,24365,0.24,0.143,0.419,2,android,武汉,移动,学生,gray
7232120888,549042198104141507,18628026433,6299225402830559603,78,7,14,9,66,73405,217734,64079,0.587,0.574,0.657,4,web,广州,联通,自由职业,black
6955985276,409233197510090852,13965333695,6228604467827458368,295,33,6,6,18,30060,157615,14521,0.164,0.193,0.469,1,harmony,成都,电信,个体经营,gray
3590029101,464544199411252686,13948372768,6284567669535506828,82,9,34,9,50,55320,207879,31926,0.684,0.359,0.664,7,web,广州,移动,学生,black
1112143834,453679200011195595,13955410222,6294139786759498768,3263,44,1,1,2,8659,25727,1632,0.066,0.23,0.166,0,android,广州,联通,个体经营,white
5879935610,154291199305077986,13344094036,6240092706988456585,2260,156,2,2,15,1876,18954,719,0.028,0.139,0.08,0,ios,深圳,移动,自由职业,white
7342101387,335124200110192111,13968852759,6291069740798663706,134,28,5,2,27,31864,218781,20852,0.376,0.273,0.476,2,ios,广州,移动,企业职员,gray
6775271035,325050198606078920,13319497139,6231149232961040859,2695,118,2,2,17,4072,27002,2813,0.116,0.199,0.159,0,android,西安,电信,退休,white
3389452072,598393196811072940,15038379322,6208792094452415338,42,49,3,3,16,44920,162314,7090,0.272,0.468,0.544,2,harmony,西安,联通,个体经营,gray
3041904511,524803199511144000,19912795965,6291273213638857389,99,46,1,3,14,20086,181739,12743,0.319,0.151,0.386,1,harmony,北京,电信,退休,gray
1380926386,293192196606201883,19925093596,6230820680172030860,7,8,26,14,73,92841,485733,61995,0.693,0.567,0.785,5,windows,深圳,移动,学生,black
8562558246,642784196809012785,15039586726,6258823235363345855,13,29,6,7,38,106442,486630,34457,0.41,0.336,0.663,4,windows,北京,移动,企业职员,black
8884888663,118283199303121453,13882045533,6274134507484193375,2413,54,2,1,7,7520,35934,2043,0.155,0.056,0.13,0,ios,西安,移动,退休,white
2821067040,563331197002025281,15057524294,6267568898330022815,56,14,11,14,87,33215,405566,31837,0.666,0.704,0.761,4,web,武汉,电信,务农,black
5671062729,117336199202225320,13865939826,6235091944404632925,55,26,13,13,51,86738,243261,43055,0.452,0.893,0.417,1,web,北京,电信,学生,black
4321382822,249175199908138408,15046371932,6259300493130238523,3690,181,1,2,14,5669,14096,1281,0.054,0.242,0.139,0,ios,杭州,电信,务农,white
0426607324,628142199806247601,19994541046,6239102620518721094,2289,164,2,1,5,2733,22113,444,0.144,0.234,0.246,0,android,北京,联通,个体经营,white
7409705765,447744197307264519,13891812717,6260191306773321933,3155,77,0,3,13,7049,20981,1839,0.191,0.017,0.036,0,ios,深圳,移动,企业职员,white
9669158037,447077199904060507,13326417843,6249049891129736045,3535,172,2,3,9,7428,9087,2168,0.119,0.163,0.104,0,ios,武汉,电信,自由职业,white
3184609088,376839196909047149,15041492995,6205582023757173077,1407,65,1,2,7,8898,16399,2878,0.11,0.209,0.068,0,harmony,北京,电信,企业职员,white
4059253961,505362198210231996,15047611748,6294192933980881670,55,17,17,10,75,119839,222010,20276,0.536,0.44,0.73,3,windows,杭州,移动,自由职业,black
1405482150,385361197601030343,19941136326,6289781910316430856,53,16,22,8,45,70641,759696,61449,0.712,0.84,0.772,5,web,杭州,移动,学生,black
6917319356,594935199005249319,13927528600,6231624828692446916,3119,54,1,3,4,8595,37637,3515,0.198,0.201,0.14,0,android,武汉,电信,企业职员,white
9379381636,483198200406023600,19980683824,6216281273069005381,261,58,1,4,28,11826,239961,13758,0.356,0.165,0.236,0,ios,杭州,联通,个体经营,gray
7369001057,485068198311195681,13919857097,6204431409837204652,26,10,13,6,82,53594,661386,71394,0.681,0.76,0.699,7,web,广州,电信,退休,black
3542942710,599045197409251435,19944226265,6252546017525243144,89,24,26,5,88,63948,350825,24103,0.767,0.832,0.405,6,windows,广州,联通,学生,black
3040391362,541083198210178884,13931678404,6233759267189984284,77,29,19,11,70,54870,565297,87360,0.497,0.637,0.874,6,windows,上海,联通,企业职员,black
1462574805,451310199310230797,13951057674,6231791041063323761,661,193,2,2,4,2050,34497,2611,0.172,0.191,0.239,0,ios,上海,移动,学生,white
1164051010,446893197104070289,13902789632,6256483486822583997,51,7,8,10,30,95297,523547,69786,0.5,0.449,0.595,1,windows,武汉,联通,自由职业,black
2494457143,648891197606027408,18611975945,6268357747196581109,167,32,5,5,19,29491,166026,23652,0.426,0.225,0.189,0,ios,武汉,移动,退休,gray
3425566942,340409199105131300,13385704885,6274103554893171987,517,42,2,1,3,2916,11016,747,0.144,0.249,0.051,0,harmony,杭州,联通,企业职员,white
5616978095,293401198102069419,13800083502,6296120122506678779,1185,109,0,3,8,5527,6742,2054,0.089,0.172,0.185,0,ios,广州,移动,退休,white
0801613562,174301198304124073,13857820059,6201075273235891986,30,20,23,8,36,105440,454265,51280,0.537,0.629,0.462,6,web,广州,电信,务农,black
2179429394,628369198712230231,13378228693,6203481832325914371,16,22,26,5,50,38688,845578,65444,0.532,0.801,0.546,5,web,上海,电信,自由职业,black
3112236129,429966199904213942,15079718088,6266411584320595125,60,27,19,11,59,104192,870047,75836,0.618,0.617,0.439,3,windows,杭州,电信,退休,black
3252627965,180743199103097376,15061577534,6206894141797734171,74,27,30,8,79,81858,496218,63769,0.417,0.504,0.798,2,windows,北京,电信,退休,black
4455662921,196345197609281197,13983323598,6295659643846356527,856,172,2,1,10,8871,13895,3098,0.195,0.094,0.294,0,android,北京,联通,退休,white
3715347760,611516200101170521,13351896452,6224019261249741237,789,164,1,3,18,3103,13256,3135,0.136,0.017,0.198,0,ios,西安,联通,个体经营,white
1442851729,39081219940427040X,15099940149,6294392986301936960,339,59,1,6,9,37436,123887,6456,0.207,0.142,0.265,2,ios,杭州,移动,企业职员,gray
3963990005,389109196505267951,13905637844,6274344727481029306,45,16,23,7,59,72737,421515,23056,0.353,0.749,0.404,2,windows,武汉,联通,自由职业,black
8704713911,180165198809116276,13874246698,6217178240821086666,2,28,16,8,87,41905,427949,46390,0.77,0.843,0.604,8,web,杭州,联通,务农,black
2510866931,515259197309242889,13380778375,6219368753221795557,1709,69,0,2,8,7960,37871,2347,0.178,0.003,0.186,0,ios,深圳,移动,个体经营,white
8806245834,270295200306189403,19971390386,6226808134370917188,522,125,1,2,8,8095,17478,888,0.138,0.239,0.256,0,harmony,上海,联通,个体经营,white
2295198011,300185199904287015,18666651519,6212299355032347564,1326,69,1,2,9,6971,10947,1507,0.136,0.181,0.011,0,ios,杭州,移动,企业职员,white
7793795370,432446199401264023,19961659178,6201693645137823451,3146,110,1,2,8,5882,18031,917,0.045,0.165,0.191,0,harmony,成都,电信,退休,white
2907379842,491267198409222560,13362182550,6205897301988427701,147,45,7,2,15,22380,152742,22605,0.276,0.316,0.255,1,ios,广州,电信,退休,gray
6317914165,581130199007243760,19933718901,6286203811436057506,363,38,2,4,19,32723,236531,8208,0.321,0.337,0.47,2,android,西安,电信,退休,gray
2996422291,560782196603085318,13981713588,6247525873066910274,5,21,28,12,58,62646,480351,69888,0.682,0.709,0.734,6,windows,深圳,移动,个体经营,black
7378282002,398912198903221526,18632941159,6216386450312904624,133,16,8,6,9,28777,178259,15304,0.233,0.36,0.422,2,harmony,西安,电信,退休,gray
5714594859,458020197311176658,13872133904,6217120146832702675,782,37,0,2,15,6313,32230,1648,0.055,0.05,0.044,0,android,广州,联通,自由职业,white
7975585435,431006200010038501,18614033036,6292358487129388200,24,23,16,8,57,58931,644665,53105,0.496,0.328,0.887,4,windows,武汉,电信,学生,black
6278509189,274419198201058082,18645391507,6284702317475731722,32,29,20,5,45,105125,802022,40460,0.462,0.32,0.85,3,web,西安,电信,个体经营,black
1002403720,168772197204163466,13360655682,6235574495085774132,942,161,0,2,5,5311,4862,2656,0.076,0.209,0.183,0,ios,西安,移动,退休,white
0809194438,448399196911208706,18652423577,6227709014930121733,2965,152,0,2,8,1824,3671,1794,0.136,0.001,0.088,0,android,上海,电信,退休,white
8065115382,603450197108157437,13872307927,6203094294951585382,45,5,7,7,81,105697,726151,58785,0.455,0.621,0.613,2,windows,深圳,电信,学生,black
9038245881,378790197008022458,13847076801,6276885923614390325,88,10,32,7,55,60047,667503,38401,0.549,0.791,0.713,2,windows,上海,联通,企业职员,black
5548995931,238919200405153778,13357544484,6258956614612777951,3980,185,0,1,18,1306,31412,634,0.087,0.005,0.113,0,android,广州,移动,退休,white
4409463307,630902199911078255,13379842918,6206969461549008273,7,9,36,14,69,51288,397248,42195,0.397,0.753,0.799,8,web,广州,移动,学生,black
9149787039,388597200407187804,13988146681,6276573265267374085,277,21,2,5,17,33995,185069,23410,0.297,0.191,0.421,0,ios,北京,联通,个体经营,gray
0471742954,337031198505085719,19965773866,6280839872613570241,106,34,1,3,9,8917,103878,16032,0.38,0.122,0.533,2,harmony,北京,移动,自由职业,gray
4741139427,410281198106262014,13307221154,6248493468964891976,327,24,4,2,10,26922,230792,8161,0.301,0.299,0.449,1,android,深圳,电信,个体经营,gray
3948260585,246327200111112911,13852571192,6244720934431124378,2965,59,2,3,10,507,30492,2258,0.097,0.216,0.066,0,android,上海,联通,自由职业,white
2838729060,599594199812268581,13888443489,6252173546650732801,2968,130,2,3,13,8658,20556,2119,0.049,0.072,0.241,0,android,武汉,联通,务农,white
4780732958,569748199308088806,18679481009,6272067401055269323,38,15,7,15,47,55684,204934,47848,0.709,0.802,0.565,5,windows,深圳,移动,自由职业,black
7341070219,478239199610038645,13848996008,6265818185531789382,58,18,7,6,9,33888,169642,20547,0.242,0.325,0.385,1,ios,成都,电信,务农,gray
1002338654,603636197010249758,18610341973,6223446505724101902,3586,163,0,1,11,5312,24763,2412,0.066,0.065,0.077,0,harmony,成都,移动,企业职员,white
9954847574,336997199312264905,15070722237,6204542474611421894,151,55,1,4,9,30318,161857,16202,0.347,0.223,0.168,2,android,杭州,电信,退休,gray
3869926351,14934819880520999X,19936395330,6272146992890018697,88,22,5,5,84,62278,622202,46369,0.571,0.733,0.882,4,web,西安,移动,务农,black
3882280052,562013198108011568,18643651536,6294026894475879952,1299,58,2,2,3,6266,37940,708,0.017,0.186,0.007,0,android,成都,电信,自由职业,white
8868773883,544729196801041574,13805718916,6216602225463477416,106,37,7,2,15,10283,192744,11137,0.183,0.109,0.503,0,ios,杭州,联通,务农,gray
9190528190,62512419961211712X,13348742004,6217690236426558862,12,17,11,6,89,42841,893502,54850,0.655,0.712,0.683,7,windows,杭州,移动,退休,black
1454877120,153920200306250385,18660914865,6227341839901233588,3,18,8,4,76,78249,746057,66373,0.622,0.706,0.718,7,web,广州,移动,自由职业,black
3060886864,179598200006192262,18606389804,6210386720860950941,29,6,23,15,59,91749,243081,32664,0.573,0.653,0.619,3,windows,北京,移动,个体经营,black
3634372621,136201199905259509,18630179826,6263907695576569187,46,15,34,4,33,64025,672744,61812,0.488,0.367,0.63,6,windows,上海,电信,个体经营,black
4377935783,132794200002107178,13977908604,6229511912349043017,193,60,4,4,25,22882,172772,7686,0.412,0.123,0.328,0,ios,成都,联通,务农,gray
1034999716,562173197302244031,19914033278,6289510443736145311,3160,43,2,1,7,5662,4214,3603,0.132,0.245,0.235,0,ios,北京,电信,学生,white
3767965791,266399196903205869,18660458928,6260075100793101661,89,9,5,7,66,68990,691536,47241,0.769,0.829,0.545,5,windows,成都,电信,务农,black
6622805603,62152120011109923X,15048010067,6224550778181080897,2568,65,0,1,16,3089,29464,1177,0.176,0.113,0.241,0,android,深圳,移动,自由职业,white
6495759997,552075197205139576,18605673164,6276623521765922634,11,14,9,7,54,56659,307686,31817,0.59,0.848,0.587,5,web,成都,电信,自由职业,black
5967944193,464600196601023663,18659062173,6267781635953795362,42,8,8,15,83,86838,490193,70471,0.363,0.315,0.492,7,web,上海,移动,个体经营,black
2084113256,383822199506178020,15036181200,6298379539130459764,89,7,27,4,65,118474,439817,72106,0.768,0.809,0.859,5,windows,深圳,联通,个体经营,black
0355489855,173889198302063648,19965989559,6273448525783717108,1436,193,2,3,2,8953,14100,2549,0.103,0.032,0.124,0,ios,广州,电信,退休,white
4192299825,201419198605265862,13393611782,6205578026112561135,182,18,3,3,8,42712,129270,16667,0.15,0.307,0.379,0,android,西安,联通,企业职员,gray
1697175756,36798620030604927X,19933722026,6229177014140667454,1326,82,1,2,6,5395,15326,3488,0.163,0.085,0.298,0,harmony,杭州,移动,个体经营,white
5182369481,198103200206198563,19952511361,6274140046187829046,45,20,38,13,46,107355,459543,56922,0.643,0.759,0.78,3,windows,成都,联通,企业职员,black
0343140412,277853198404055677,13900090393,6213784682281715681,3895,198,0,3,18,6698,37206,2686,0.06,0.13,0.16,0,ios,北京,电信,务农,white
4370916693,32601519890525300X,15036490091,6222808361791763129,109,23,4,4,18,13707,206924,11225,0.339,0.391,0.308,2,android,西安,联通,务农,gray
7567295008,543048200005050771,15083577047,6207822149757477073,63,29,23,9,28,46227,280174,80489,0.671,0.572,0.659,5,windows,西安,电信,自由职业,black
4620148612,634838198105028228,19943681734,6203521778563333082,1900,40,2,2,4,6093,16070,1298,0.087,0.116,0.149,0,android,杭州,移动,自由职业,white
8812938866,419270199108055150,15071535094,6204908028022038226,35,17,16,7,56,74231,423427,83324,0.587,0.816,0.88,7,web,西安,移动,企业职员,black
3805369103,37976619791228588X,13347544583,6259412507869196007,245,37,4,4,9,32545,235369,21381,0.197,0.251,0.514,2,ios,深圳,联通,退休,gray
1727885870,386073197109120213,19986598839,6243756107452504321,5,7,14,12,78,43308,893057,35765,0.766,0.519,0.761,5,web,广州,电信,自由职业,black
2454696471,405908198902267604,13847721768,6263107267389305334,2412,102,0,2,15,5497,30208,624,0.051,0.15,0.077,0,harmony,杭州,移动,个体经营,white
0753341223,187375199210135747,18638678261,6218138402099914440,73,10,18,15,24,59467,702281,71690,0.476,0.591,0.693,8,web,成都,联通,个体经营,black
8841837648,396515199202017713,15083690639,6254802007713154118,3880,116,1,1,12,4108,32475,1618,0.106,0.183,0.104,0,ios,广州,联通,个体经营,white
7929613658,544465198205100046,15043609490,6247500094566997891,1945,88,0,1,9,2622,30688,2401,0.102,0.082,0.192,0,harmony,广州,联通,务农,white
9357717749,343938197804204291,19959250944,6273820567851011642,61,15,7,6,55,75534,799451,27490,0.53,0.521,0.667,1,windows,广州,移动,退休,black
2206134589,553351198412159083,13964870939,6226132666055024849,27,14,28,15,88,97773,258755,27879,0.511,0.429,0.404,6,windows,广州,电信,退休,black
4311187019,622717197901230396,13981607939,6289630558716477029,30,41,3,4,19,33889,86677,24531,0.32,0.265,0.238,0,ios,西安,移动,学生,gray
8934824403,268572199302197333,13971769129,6239119410709121091,12,22,26,5,81,54074,818734,44866,0.471,0.743,0.564,6,web,杭州,联通,学生,black
0948207275,483885200107153879,18673972480,6282892602634930339,3422,47,1,1,7,6211,8519,452,0.005,0.189,0.124,0,android,杭州,电信,务农,white
0412969769,288470197008021772,13994368742,6286314701199053099,23,22,40,6,70,69854,248781,27496,0.501,0.899,0.794,4,web,杭州,移动,自由职业,black
5732433655,479386198710213076,18699900361,6247910620825932419,265,24,6,6,8,33479,170662,9657,0.344,0.486,0.405,2,ios,杭州,移动,个体经营,gray
3805939461,587098200004155272,15015518407,6212185461622359318,1064,165,0,2,8,5640,8748,2078,0.183,0.178,0.27,0,ios,深圳,电信,个体经营,white
7103252988,53801319920627727X,18638415083,6202935473850673478,59,17,40,9,85,32165,664853,27011,0.784,0.858,0.46,4,windows,成都,联通,自由职业,black
9881528223,49349719690202231X,13367514797,6213225369513867230,21,11,26,14,73,56568,552193,23314,0.695,0.66,0.776,7,windows,杭州,电信,退休,black
7215432307,322191196508253109,13806499000,6279105128532660929,287,21,7,3,9,22584,71040,6079,0.26,0.387,0.439,0,android,成都,联通,自由职业,gray
8715497221,394789198005287594,15083169763,6267745966243978298,14,21,30,9,65,95609,399414,49445,0.729,0.745,0.695,5,windows,西安,联通,务农,black
1658943707,571582199511228813,13353609861,6249786890503553752,39,28,25,9,56,90383,600342,59880,0.386,0.812,0.415,2,windows,广州,联通,务农,black
5791095795,512795197009176833,13980142811,6295743439073335503,73,16,37,12,68,108320,225010,78634,0.365,0.687,0.478,6,web,北京,联通,个体经营,black
7880847675,117115199403119154,13968133893,6238837097822797708,336,14,8,5,27,27347,73312,11268,0.446,0.486,0.532,1,ios,深圳,联通,个体经营,gray
8231125912,431554197010079901,13367452950,6247810132726263310,37,22,27,8,81,78943,460878,54050,0.398,0.871,0.857,5,windows,上海,移动,自由职业,black
4875655482,443448198903288571,13830748008,6297084741238834131,69,30,25,7,53,70135,254276,71530,0.372,0.431,0.405,8,windows,杭州,移动,退休,black
3079211286,131881198210067672,13901403476,6227352504683095062,73,26,35,9,59,51728,627925,79873,0.46,0.619,0.759,2,web,广州,移动,务农,black
7397936827,608012198709148954,13924131119,6247895541225305431,230,21,7,2,20,22042,167748,7983,0.166,0.45,0.266,0,android,杭州,电信,退休,gray
8063530278,235149198501170180,19952633207,6260215858076050816,32,25,32,11,72,106171,517587,65074,0.361,0.358,0.778,7,web,上海,联通,企业职员,black
5455228280,369602199309101326,13996137539,6205210566366268675,345,36,7,6,15,11797,209562,14548,0.157,0.22,0.439,1,harmony,成都,移动,个体经营,gray
8022170477,573713198509231182,13906052056,6287136123011029608,1449,62,2,2,7,1751,25319,2532,0.179,0.218,0.195,0,ios,杭州,联通,企业职员,white
0741532940,533275196703216557,13978136335,6253290320235854498,27,28,7,9,66,51769,421742,32943,0.371,0.73,0.553,2,windows,杭州,移动,企业职员,black
4494867549,273365200206207031,15002633378,6218593610903803918,76,20,9,10,75,105961,423714,80879,0.507,0.664,0.82,5,web,上海,电信,自由职业,black
6685382686,449715197203159671,13957646831,6276621694219488883,73,56,2,5,24,14937,223055,10870,0.407,0.261,0.46,2,android,西安,移动,退休,gray
6036150167,433076196506069104,15097683611,6293579159141040517,87,16,14,14,62,66112,788077,87993,0.731,0.719,0.516,2,web,深圳,联通,务农,black
5138541777,132504200210167340,18651597965,6212564768341157757,12,21,13,9,58,33695,290329,23860,0.757,0.666,0.434,2,web,武汉,电信,自由职业,black
2453118572,483103200102132988,19916238231,6271153109325060982,83,23,8,9,26,65090,689406,41247,0.476,0.38,0.838,4,web,广州,移动,务农,black
4467674325,400578197409016714,18607466532,6245388339717662835,14,13,22,13,39,41718,821838,50156,0.736,0.658,0.633,2,web,杭州,电信,务农,black
5802888965,254952199312073348,13395798861,6286936817854819680,327,32,3,6,28,12848,191259,6116,0.412,0.143,0.38,1,android,深圳,电信,企业职员,gray
1712980934,487616198908111914,13376342550,6250998745277958400,3307,78,1,1,7,2597,17291,1595,0.199,0.153,0.1,0,android,西安,电信,自由职业,white
5022170929,154529200310130202,19953789729,6238303527308987675,218,40,6,4,25,31546,237729,8330,0.169,0.137,0.476,1,harmony,西安,联通,退休,gray
7399589449,631326198107052232,15018767884,6299508684939314840,76,8,13,12,82,82911,248325,86355,0.387,0.656,0.882,5,windows,成都,电信,个体经营,black
9694329047,340612197307105404,15066832761,6239369171136525813,37,22,35,6,65,110955,487347,24611,0.605,0.365,0.619,5,windows,西安,电信,自由职业,black
7982055280,389124197104093469,19981927368,6280806468093742048,51,13,26,6,32,99509,641825,70000,0.751,0.79,0.52,3,web,西安,联通,务农,black
4338092804,251025196612253450,15067918362,6210880768989605501,41,6,34,10,51,60548,768021,51325,0.616,0.792,0.656,4,windows,杭州,电信,自由职业,black
6201695951,576880198907117747,13972947800,6295612492030728167,56,27,25,8,78,111115,664297,86440,0.719,0.813,0.812,8,windows,广州,联通,学生,black
7723581590,629652199808059631,19901358535,6223272248941251013,89,18,34,6,48,42018,358069,54439,0.647,0.309,0.72,4,windows,广州,电信,个体经营,black
7416838230,35696719820128856X,15093086223,6224933461794227285,2250,134,1,3,11,3630,9221,2593,0.16,0.051,0.112,0,ios,上海,联通,个体经营,white
2998799181,192929197607100255,15005246158,6235819641124518032,582,84,0,1,18,2701,3016,909,0.103,0.051,0.002,0,ios,广州,联通,务农,white
1917579327,501078200402129816,19971180334,6213641642058976922,2,30,15,14,60,34883,542112,20289,0.578,0.867,0.836,5,web,杭州,电信,企业职员,black
6444117349,291102196605186015,13940721816,6240411741669810057,54,23,33,8,40,46518,681894,36828,0.53,0.508,0.414,8,web,武汉,联通,退休,black
8903074128,620691199906174513,19907981083,6233179190345003157,51,24,11,14,72,119059,718236,36561,0.585,0.523,0.592,2,windows,杭州,联通,务农,black
5550937179,377386197202038869,15000333188,6236306290681670396,3354,184,2,1,14,989,24705,1763,0.135,0.104,0.012,0,ios,成都,电信,个体经营,white
8278521609,519210198705129684,18621821594,6231440962915897573,42,7,15,7,26,36123,499412,77745,0.438,0.576,0.791,3,windows,北京,联通,企业职员,black
7527012628,246748197601154999,13984399539,6236008994965516866,13,17,40,11,24,73076,338192,59260,0.714,0.338,0.69,5,windows,武汉,移动,务农,black
5714929593,142845197105170513,19983189177,6295441197954063351,32,23,39,9,29,91447,522645,67073,0.485,0.409,0.571,1,windows,成都,电信,企业职员,black
4117273705,29501619830507268X,15051867122,6290743205857279171,56,27,10,6,21,97704,486435,71968,0.576,0.476,0.794,8,web,上海,电信,自由职业,black
9864799407,521822197506265941,13857648996,6232353046629308667,3532,37,2,2,7,3731,25954,2564,0.121,0.196,0.018,0,ios,西安,移动,企业职员,white
4048305174,553866197401072800,13924345564,6282508779962815463,57,26,27,12,37,100023,663102,88038,0.645,0.592,0.842,5,web,上海,联通,企业职员,black
0228612346,483883198907064572,18696189345,6268031493140773644,69,14,36,10,31,109119,681703,32144,0.673,0.349,0.888,3,web,上海,联通,企业职员,black
8110406389,348738198608067014,15002131487,6251149289975004772,23,7,7,8,32,97899,674495,66913,0.642,0.395,0.637,3,windows,武汉,移动,自由职业,black
0293357231,576397198006048820,18696929145,6262361712996639195,118,16,2,2,8,15137,79087,7144,0.179,0.249,0.406,1,android,上海,电信,企业职员,gray
6615371068,413708199109189436,13891054310,6270494395553316986,2715,60,2,1,9,3916,13582,3603,0.057,0.242,0.184,0,harmony,广州,移动,退休,white
4388931264,654151199302087873,13349019692,6279356801227169092,75,41,7,4,22,43048,195794,22798,0.155,0.201,0.157,1,harmony,广州,移动,退休,gray
4609161867,583551199302114632,18634807446,6271089928847748016,4,28,27,13,41,52542,509327,40583,0.691,0.761,0.71,1,web,成都,联通,退休,black
1641404532,521130198803255767,15012430457,6201266367696465710,229,40,6,2,25,14613,125470,21688,0.261,0.274,0.159,2,android,广州,移动,学生,gray
4701565051,196686198910176012,13850221175,6286242747928254412,76,52,8,5,15,35331,195818,19413,0.157,0.365,0.357,2,ios,北京,电信,自由职业,gray
5740401592,255396198801034911,13802594998,6202242226849491321,208,50,1,3,20,11301,157903,18773,0.324,0.485,0.435,1,harmony,西安,联通,自由职业,gray
8451220930,274098196808092230,13844544239,6252553560474357497,5,16,27,12,30,73928,481350,31504,0.369,0.879,0.465,6,windows,成都,联通,自由职业,black
4278092508,296219196502105453,15059051854,6257508751368059697,3196,160,0,2,7,1481,27384,2738,0.013,0.235,0.191,0,harmony,广州,联通,企业职员,white
0627872068,182968198208208006,13388289257,6207651574280241826,2444,161,0,1,8,8693,29847,2686,0.007,0.183,0.217,0,ios,西安,联通,务农,white
3236805261,568433199312218448,19909158553,6276810790614390382,330,27,3,4,8,27125,199255,21835,0.445,0.255,0.212,0,harmony,西安,移动,企业职员,gray
7592766340,573353198706190357,15008562912,6265087562339404311,77,23,30,6,23,69014,608722,76404,0.673,0.382,0.885,6,web,深圳,联通,务农,black
2760108515,148447199801238522,19967623601,6221106825707073421,2,11,32,12,24,111756,390166,40566,0.543,0.484,0.872,1,windows,广州,电信,企业职员,black
2817600682,341623198902112835,15000145960,6247487646346328982,70,27,27,12,77,93010,490992,68674,0.701,0.601,0.422,4,windows,深圳,移动,企业职员,black
7394605322,304577197606167048,13981399233,6243655859963312350,48,9,38,13,58,58687,626887,23403,0.758,0.559,0.723,5,web,武汉,电信,企业职员,black
5082598336,414635197812144931,13377387480,6254232865567570688,181,16,1,2,21,29291,101003,23160,0.244,0.305,0.305,1,harmony,武汉,联通,退休,gray
2953560382,292031199610252099,19994948315,6279756506431907378,2677,95,1,2,2,5653,36650,1838,0.02,0.136,0.126,0,android,广州,移动,退休,white
5002128099,18637719940510344X,15010694225,6245390866183707766,54,30,33,8,73,41867,816746,31637,0.593,0.705,0.689,5,windows,深圳,移动,学生,black
1696877400,361400197404248877,18674212532,6205363299172194340,65,18,17,10,42,58858,374592,60287,0.771,0.861,0.712,8,windows,北京,电信,企业职员,black
3423083681,399509198202164599,13351769156,6233523843411901907,38,27,19,8,24,78406,491385,55824,0.542,0.404,0.641,2,windows,西安,移动,个体经营,black
5159472904,356958199101051041,13957916887,6297577260808857636,76,7,32,5,54,80718,886934,36878,0.663,0.35,0.433,6,web,杭州,电信,个体经营,black
8595425595,37500319991010392X,18616611885,6277719911107914144,2867,147,2,3,10,2015,5221,3438,0.044,0.223,0.252,0,android,西安,电信,自由职业,white
1388182557,189864199201245419,19931482141,6282805303953902779,115,57,2,4,30,25950,69781,15271,0.331,0.339,0.503,1,ios,深圳,电信,退休,gray
1392070961,448278199812275228,13892734714,6268041957391142061,47,8,9,5,30,49136,538151,53117,0.693,0.547,0.657,2,windows,深圳,电信,务农,black
5671786738,13152319880509388X,13946890094,6207640519602125863,2,7,36,5,73,93946,355457,46552,0.725,0.827,0.762,7,windows,上海,联通,学生,black
5586432813,372661196802087781,13301594154,6275339003069932711,301,18,3,6,13,13328,97127,19708,0.437,0.356,0.493,2,android,上海,电信,企业职员,gray
9469109578,408196198908100280,13876143022,6296145673852854596,3317,185,2,1,14,3840,32284,582,0.009,0.027,0.293,0,android,深圳,移动,企业职员,white
3021099588,159624198112053714,19933565029,6243493922802717863,109,28,5,6,30,11256,188373,21487,0.434,0.224,0.258,1,android,深圳,电信,务农,gray
6917638628,160985197408147607,13394766724,6200239125968468536,71,18,40,4,32,59371,766893,78946,0.629,0.488,0.531,5,web,深圳,联通,自由职业,black
8167540131,132205199108061454,19925791856,6231217285163134362,89,28,4,6,82,119563,531019,55946,0.63,0.738,0.662,4,windows,成都,移动,自由职业,black
5624427805,639601200407234712,15027715907,6279850270720819104,77,5,39,13,28,48261,843593,44974,0.498,0.526,0.87,4,windows,深圳,移动,自由职业,black
4306978380,158721200009163414,19942529866,6243123007301071956,173,35,3,5,23,15622,99777,19173,0.431,0.115,0.452,2,ios,西安,移动,务农,gray
4240742781,394779199904134964,13945691539,6235554627792559137,253,16,4,6,10,42744,233425,21964,0.438,0.217,0.28,2,android,上海,电信,退休,gray
6331647175,445990197507265530,13813158596,6271863701571134073,2,6,39,12,55,64982,540645,26380,0.613,0.777,0.875,1,windows,成都,电信,企业职员,black
5433341653,421909198201109589,18629456323,6261493064717920894,345,47,4,5,26,18689,166305,13317,0.28,0.263,0.211,2,android,武汉,电信,企业职员,gray
3911666458,25874919950618029X,13958425622,6235726200285954684,38,46,7,6,11,27921,82199,20687,0.335,0.416,0.305,2,android,广州,联通,企业职员,gray
5651602910,201682199504198134,18671567223,6212129770144951861,30,17,35,15,69,39795,500176,50625,0.571,0.452,0.672,3,windows,北京,移动,退休,black
5469234435,47010519890927981X,18647000373,6257774599411788697,27,22,25,13,47,65930,657518,79684,0.382,0.898,0.792,4,web,西安,联通,退休,black
5598337448,252070196908191987,19920954048,6293796991824910904,259,33,5,6,29,36401,77319,19812,0.307,0.482,0.453,0,ios,西安,电信,个体经营,gray
5038625971,38310819970306134X,13854165991,6252272153515580100,1319,145,0,3,10,5792,27139,745,0.089,0.018,0.059,0,harmony,深圳,电信,退休,white
2857811471,429258199001207723,13898708763,6244910105744053160,27,23,23,6,49,75277,365171,51211,0.69,0.761,0.708,5,web,西安,联通,学生,black
3978310389,547601200104222282,19912259796,6255114035698956910,63,14,7,5,20,72983,858314,84361,0.764,0.39,0.867,8,web,广州,移动,务农,black
4864034435,238239197607269482,19976772943,6239673604102510483,182,29,4,4,14,29312,101538,23158,0.261,0.459,0.318,1,harmony,上海,联通,企业职员,gray
6870752774,343611196810164596,13853585433,6220707983106662298,231,24,6,5,14,23274,226802,24183,0.279,0.202,0.513,1,android,成都,联通,学生,gray
7922043900,272716197509125392,15057079436,6286941083624540107,444,110,1,3,4,4972,21419,3061,0.014,0.171,0.198,0,harmony,深圳,联通,学生,white
5645549990,212436197411080789,19924238492,6228836033875188314,2396,32,1,3,12,5439,4594,3351,0.197,0.15,0.097,0,android,深圳,移动,企业职员,white
5933201396,110105197804047568,13393018533,6284605560732351947,736,136,1,1,13,1801,28949,3887,0.1,0.237,0.2,0,android,杭州,移动,学生,white
1733097454,339111200312055267,18691642262,6260201565309124891,3421,94,1,2,16,4348,21519,3864,0.153,0.163,0.291,0,harmony,武汉,联通,自由职业,white
1229604717,177164199505273831,13352438304,6291576865540169582,185,29,1,6,10,16291,74323,11339,0.26,0.187,0.235,2,harmony,北京,联通,退休,gray
2619227822,264823198205265143,15036254370,6298404180845717904,1419,103,2,3,5,7549,36953,1081,0.189,0.213,0.114,0,harmony,北京,电信,学生,white
5615273958,623552199205218185,13948270493,6295571442969744815,1159,199,2,3,5,1961,31154,2234,0.024,0.247,0.234,0,harmony,成都,电信,退休,white
1056964241,234713199509012625,13993442092,6230683642551208165,1,6,8,15,62,103648,478836,23143,0.403,0.545,0.652,4,windows,西安,电信,学生,black
2119184742,388354197912145763,15062042182,6243910519084800328,25,19,24,15,53,105242,578197,80069,0.46,0.871,0.871,3,web,武汉,联通,务农,black
6821422688,256893197210141704,18616088798,6288421079942516103,88,28,11,12,24,55842,832085,22787,0.404,0.327,0.551,4,windows,广州,联通,务农,black
3007351301,173588197901060512,13383847284,6277482507614581143,318,18,6,2,8,18303,202392,21044,0.43,0.209,0.312,1,harmony,杭州,移动,自由职业,gray
6526710792,450591199503139287,19995490369,6225113837351228829,198,56,4,4,14,26386,135344,8939,0.432,0.423,0.478,1,android,成都,移动,个体经营,gray
9699248363,475966198409158737,15017991811,6230666242576507930,2231,168,1,1,16,1506,34555,3571,0.15,0.167,0.144,0,android,武汉,电信,务农,white
6108063246,21200619651210167X,19928183799,6274100374545844284,88,16,25,8,84,59136,205157,37265,0.425,0.582,0.861,5,windows,武汉,移动,自由职业,black
5965060146,337775197211269133,19935219294,6255649960213932871,2310,58,1,1,3,5648,25787,3354,0.125,0.084,0.219,0,harmony,成都,移动,企业职员,white
3275381877,398918200405119937,15091544807,6256038412523257357,488,58,1,2,12,3481,9194,2468,0.165,0.146,0.08,0,harmony,成都,移动,自由职业,white
7824950208,271072200101029175,13364243943,6257567266588002674,11,9,31,14,68,90290,208919,65638,0.532,0.687,0.418,7,windows,成都,联通,企业职员,black
5968005956,431807198201235397,13854177489,6208316718565960463,2352,57,1,1,4,5157,33411,1983,0.182,0.018,0.223,0,android,深圳,电信,学生,white
2197794855,23150319951204276X,19904182978,6242234391988658997,1778,82,1,3,14,1313,8319,1850,0.026,0.047,0.272,0,harmony,西安,联通,企业职员,white
8315929544,250578198309058260,19977545655,6200783683865705954,317,56,3,6,29,29693,249732,8103,0.414,0.498,0.207,0,harmony,武汉,联通,学生,gray
8278384742,465094199008129039,13882798978,6268609288365868887,1714,72,0,1,7,3808,3141,993,0.173,0.135,0.289,0,android,深圳,电信,务农,white
9034993122,243363199810101089,19973629938,6296188664855468866,90,27,5,14,73,105249,314856,31596,0.672,0.714,0.779,2,windows,成都,移动,企业职员,black
9820705712,263909200006203425,19934829284,6238916138909333218,48,15,10,4,58,80243,879238,63828,0.776,0.79,0.884,8,web,深圳,电信,务农,black
5758963352,616854199003204050,15031789510,6220513705445190895,3032,48,1,1,9,1262,5194,2941,0.195,0.247,0.006,0,harmony,北京,联通,个体经营,white
0079620458,575578200106024725,19948724832,6257089131168476499,70,40,6,6,24,23884,239830,21082,0.253,0.362,0.178,1,harmony,成都,联通,企业职员,gray
5646753863,329654196610260099,13986314038,6212835322408176738,359,17,7,2,8,39838,202869,18382,0.279,0.387,0.449,0,android,成都,移动,学生,gray
6384190595,116136197606110208,15038190045,6252088377975449633,3065,44,0,3,4,7364,26451,3128,0.038,0.1,0.228,0,harmony,深圳,联通,退休,white
5655961821,116155197307028362,13806737564,6291216442957279407,2443,84,2,3,6,4773,8533,3976,0.034,0.036,0.201,0,android,北京,电信,自由职业,white
6434825277,334883198407082795,18623213660,6253194174997947429,53,21,7,9,58,114550,426358,27262,0.656,0.631,0.764,6,web,广州,移动,个体经营,black
4324098213,209743200205085801,13803695044,6285201626400604045,233,50,3,5,26,16761,155667,9120,0.253,0.235,0.541,2,android,广州,电信,学生,gray
0889798163,427101197801031204,13376241028,6213813040900619237,2211,123,1,1,11,2330,32350,2419,0.14,0.243,0.265,0,android,上海,电信,务农,white
0669198827,160689197103089932,13990747775,6267200431757224161,85,30,24,6,23,103567,252695,87427,0.777,0.575,0.487,8,windows,上海,电信,自由职业,black
9804388046,480744199901218019,13883539425,6282283222110396571,74,30,7,15,51,103216,564089,67256,0.701,0.61,0.569,3,windows,西安,移动,企业职员,black
0699243871,152694200301172522,15050834587,6201903334312564002,41,6,16,13,27,55264,798740,53774,0.455,0.694,0.741,6,web,上海,电信,企业职员,black
8246071358,535236197111199204,18633518360,6293509544958806808,181,21,1,4,23,13247,197704,22161,0.252,0.27,0.502,2,ios,成都,联通,学生,gray
2559083738,526259197802080539,13999711648,6235917568737179073,60,5,32,7,31,66222,563142,65612,0.568,0.443,0.498,2,windows,成都,电信,自由职业,black
7405077788,295548199205149361,13914451909,6278206473232058805,3687,31,0,3,4,3570,27431,492,0.178,0.062,0.285,0,harmony,深圳,电信,个体经营,white
0129700674,248237197112024441,19950417306,6295464192159368460,28,29,10,14,62,55324,420670,46868,0.458,0.617,0.87,3,windows,武汉,移动,务农,black
4024216347,203880198507226552,18694470627,6293967910457051774,61,26,40,11,68,119285,277571,81682,0.563,0.309,0.591,8,web,上海,联通,个体经营,black
7293896402,117170199505141316,18668007750,6269940776932987631,2992,141,2,3,13,4498,24436,3939,0.129,0.072,0.069,0,harmony,北京,联通,企业职员,white
4677346516,19111419700518371X,19991336435,6224240113590914107,243,51,7,6,13,26256,92681,18061,0.387,0.214,0.45,1,android,杭州,电信,自由职业,gray
6873796405,488749199408162183,19995863588,6257088088483707374,43,17,8,12,27,38406,746464,50821,0.495,0.888,0.513,2,windows,成都,电信,个体经营,black
1467606035,608999198812018314,13331179489,6262828529814578868,32,28,19,7,87,51376,638089,78881,0.592,0.63,0.812,4,web,深圳,联通,企业职员,black
8287493227,460610199610091651,18648533500,6267424338335895474,2514,187,0,3,7,8334,12067,3698,0.013,0.055,0.07,0,ios,成都,联通,个体经营,white
6660830555,235541198005085547,18606820286,6291491869617780823,98,37,7,6,22,28043,234550,16443,0.4,0.466,0.298,1,harmony,上海,电信,个体经营,gray
3792075871,243006199706164025,19908862243,6219724906131830645,75,34,6,5,9,18089,236098,12084,0.421,0.279,0.469,2,harmony,成都,移动,企业职员,gray
4641717959,649404198110101760,18609741244,6258765617587004546,24,17,34,10,72,97592,391036,51439,0.517,0.576,0.655,1,windows,上海,电信,个体经营,black
7425387819,382221197309040520,18671583979,6231305705596685033,675,46,0,2,17,1959,26051,3339,0.179,0.241,0.112,0,harmony,杭州,联通,企业职员,white
7395984694,229543197505287042,13853293432,6271184336774350275,63,28,7,7,78,58447,247386,70227,0.569,0.672,0.676,1,windows,武汉,联通,个体经营,black
5904943636,613689197506212966,13825674207,6201143438415915636,1954,188,1,1,16,7498,13920,3888,0.093,0.24,0.117,0,harmony,上海,移动,务农,white
7681038239,643156196604125966,13996608542,6245582628657723255,46,21,10,6,20,75162,330233,49476,0.454,0.322,0.849,6,windows,西安,移动,务农,black
4732231197,645269198209090621,13314944500,6265509891547743544,2892,74,1,1,17,3529,15678,394,0.048,0.138,0.17,0,harmony,深圳,电信,退休,white
1801154616,618607198011238060,18665683592,6279008600704322140,3727,152,1,3,16,7366,12529,3595,0.031,0.003,0.124,0,android,深圳,电信,企业职员,white
9817823858,420105197907196574,15066989251,6274925821890544843,162,27,7,6,23,19124,108175,13567,0.173,0.343,0.205,2,harmony,深圳,电信,个体经营,gray
8362126479,620011199501261964,15062987638,6229828374954044626,89,14,16,6,76,116277,537192,38928,0.72,0.87,0.608,6,windows,广州,联通,学生,black
9187321948,212304200412283415,13819016419,6249991007719440927,33,11,12,13,64,101397,843093,31900,0.72,0.633,0.567,4,web,北京,移动,务农,black
0089432405,406238196811095942,19934966796,6289099720847069653,254,12,7,3,22,26840,239157,19734,0.17,0.312,0.428,1,android,杭州,移动,自由职业,gray
4600628791,542938198301067888,18621345932,6221795304304193493,2591,86,0,2,16,2224,38472,1601,0.001,0.028,0.224,0,harmony,深圳,联通,退休,white
6859261410,399886199502139526,19983790366,6293197098239741541,1185,82,2,3,15,6163,22608,808,0.17,0.093,0.206,0,harmony,北京,移动,学生,white
2202845703,382749198610141158,19914424372,6259573603078882008,321,46,3,4,21,13009,108568,17359,0.221,0.475,0.246,0,ios,武汉,电信,个体经营,gray
0509541022,417460198905045485,18686963050,6276593222640719321,3803,151,2,2,13,8903,7297,2729,0.13,0.101,0.185,0,ios,武汉,电信,自由职业,white
3368712319,605280197003263882,19988260517,6233673531020379844,83,13,6,8,60,87857,826082,51710,0.419,0.854,0.584,2,windows,北京,联通,务农,black
3583594077,189478196609225748,13331329126,6281779480568910012,5,7,6,7,63,35223,871941,21978,0.416,0.804,0.478,5,windows,广州,电信,学生,black
3160082506,570048198007056561,15000038409,6202771495483890848,51,15,12,7,86,68547,509962,48215,0.534,0.44,0.532,4,windows,北京,移动,个体经营,black
6763644047,298359197911016437,13341913543,6243824614973272448,3710,59,1,3,14,4991,13493,1549,0.088,0.177,0.013,0,harmony,西安,移动,自由职业,white
2571895846,289069199409188336,19991584310,6214691789809502584,2434,164,1,2,5,6537,17346,1716,0.18,0.098,0.113,0,harmony,西安,移动,企业职员,white
2057750468,35602119830427585X,19945604762,6244226274667140980,79,28,30,5,31,57738,356692,62540,0.711,0.418,0.565,4,windows,武汉,电信,自由职业,black
2363705534,387899198912054644,18634331668,6242482125915954553,930,163,2,3,6,569,13055,2589,0.053,0.072,0.293,0,harmony,西安,电信,退休,white
1777776396,655294197805036978,19932489373,6233126442164264532,326,53,6,2,11,8035,205445,21163,0.424,0.462,0.203,0,android,杭州,联通,务农,gray
6133078680,531234199302244155,13914603586,6222834623214757431,89,19,15,15,22,77185,251098,41253,0.659,0.865,0.46,5,web,广州,电信,企业职员,black
0519946783,286388197801053892,13300804430,6296100873917342197,902,165,1,2,14,3935,14158,510,0.052,0.066,0.191,0,android,西安,移动,学生,white
5534553965,51002319660626623X,19936108538,6226113167133179653,257,22,4,6,25,33896,89791,14865,0.184,0.235,0.46,2,harmony,武汉,联通,退休,gray
3421443990,162220199611231953,13393141098,6287365104368024883,297,46,1,3,19,13653,105994,10286,0.363,0.336,0.338,0,harmony,上海,电信,个体经营,gray
4959972570,449265196603142224,13310054483,6248747757941590266,3562,155,2,2,13,4581,9664,3192,0.155,0.186,0.256,0,harmony,上海,电信,个体经营,white
6845380556,652647198203062790,15066362582,6275340834556235544,26,11,28,8,49,113211,896622,73632,0.4,0.534,0.694,4,web,上海,电信,自由职业,black
9432041063,34240219740101309X,19961813011,6231745387747391729,68,20,40,15,64,94490,262475,68537,0.557,0.531,0.805,8,web,广州,移动,个体经营,black
7096706176,427457200108211761,13360561589,6202565713751363304,1916,40,1,3,7,6101,38269,1437,0.041,0.216,0.062,0,harmony,西安,电信,企业职员,white
9766437717,23818519780507317X,19939569151,6270937731706409521,247,27,4,2,11,26009,137568,18947,0.416,0.334,0.394,0,harmony,上海,联通,学生,gray
2489107009,514496197009212084,13937245016,6298684169431976601,300,39,5,3,30,25251,128517,10244,0.212,0.191,0.465,0,ios,武汉,联通,自由职业,gray
7791789387,146037197611125284,13917437509,6247168867956456775,47,9,29,8,80,106061,667050,85165,0.616,0.696,0.484,3,web,成都,移动,学生,black
7852665706,49540619930205745X,15085914461,6216954703132956226,2041,148,1,3,15,1153,26945,1629,0.004,0.045,0.229,0,ios,成都,移动,退休,white
1493655826,649220199904023296,13328914744,6230548404043514321,31,20,9,14,62,62769,289397,37187,0.573,0.873,0.729,5,web,西安,联通,自由职业,black
4097819764,15219319820701238X,13832198130,6286219305849461551,1928,141,0,3,13,3674,30757,3285,0.039,0.06,0.11,0,ios,北京,移动,务农,white
7721833989,136543198211084532,13883582489,6262972609244178855,59,29,16,5,32,48308,851731,39746,0.581,0.835,0.769,7,windows,武汉,联通,务农,black
0757532874,334484200402126124,19908387132,6208879981816269448,2888,164,2,2,10,1221,9418,3880,0.152,0.099,0.087,0,harmony,西安,电信,个体经营,white
7747524678,458428199502283993,13820361140,6203365252926582129,263,18,3,4,9,8732,206532,7724,0.279,0.313,0.474,0,harmony,北京,移动,学生,gray
5709213992,499380197602256234,13872369250,6268306313723173612,84,15,3,3,22,34560,238613,12368,0.167,0.357,0.225,2,android,成都,移动,务农,gray
7560365866,29150819870319892X,18697203008,6225236905279760789,34,25,18,7,55,37260,379537,87612,0.584,0.677,0.766,1,web,上海,移动,学生,black
0082716205,186232197311125530,19944277193,6222434409543837283,47,29,39,13,82,59907,825250,29997,0.509,0.889,0.504,2,web,武汉,电信,学生,black
1220223649,564933197704168897,15012081749,6283118145552616232,2385,43,1,2,9,6919,6928,1441,0.027,0.148,0.011,0,harmony,武汉,联通,退休,white
0963252557,377507199011202912,13379306006,6298310744315809659,72,26,28,5,32,84584,249291,60258,0.543,0.862,0.826,4,windows,深圳,电信,学生,black
7909119594,507146200406131449,19926934473,6203296754892915466,158,45,2,3,29,44056,201823,13082,0.321,0.127,0.154,0,android,杭州,电信,学生,gray
8658568383,413482197002022989,13338154081,6276299417641411209,79,23,32,11,90,99902,399788,88653,0.423,0.879,0.516,2,web,成都,电信,退休,black
1280989037,438124199806048902,15016068019,6225895068118812553,66,9,40,12,38,114136,833929,24771,0.597,0.762,0.557,1,web,杭州,电信,退休,black
0265397032,46504919780807873X,13824909443,6242212095716752910,47,9,14,6,89,114823,237304,61187,0.692,0.482,0.499,1,windows,杭州,移动,企业职员,black
7818783499,623956199805279341,18651646607,6214579794640449697,1454,93,0,3,15,4841,4859,3584,0.083,0.24,0.063,0,harmony,广州,联通,学生,white
8665090337,337704198312194887,18694067032,6292903691522342099,1706,108,2,3,14,2039,21369,2395,0.079,0.238,0.118,0,harmony,杭州,电信,务农,white
4340683151,244626196909221063,13800554047,6254238711033077546,47,26,13,12,58,100786,572753,69221,0.753,0.372,0.423,8,web,武汉,移动,务农,black
7546055900,296452199401069245,13383166673,6229421387621030890,59,13,10,8,80,103658,682019,32468,0.797,0.443,0.756,3,web,成都,电信,学生,black
3827746702,253983198307137791,13360136506,6252832653300462928,17,18,14,7,67,39337,753258,30016,0.526,0.731,0.489,4,windows,武汉,联通,退休,black
1565959828,446166197210022780,13806076347,6297669020114713467,2838,115,2,1,11,6434,31486,804,0.017,0.24,0.064,0,harmony,西安,移动,务农,white
6853152763,260439200004215925,13306285402,6213435005206989080,80,8,33,15,84,81492,403608,87592,0.409,0.357,0.405,3,web,北京,电信,企业职员,black
7978053104,600072197508164365,13988562369,6256305078170282861,2686,200,2,3,8,1777,28152,3937,0.061,0.008,0.172,0,ios,上海,联通,个体经营,white
2627526431,433322198908186526,13369104949,6212688465794400794,7,29,6,6,81,37682,855297,31364,0.682,0.694,0.69,6,windows,上海,联通,学生,black
1529118810,658439199401057464,13304003736,6221717263757910044,39,24,35,11,25,31777,742679,77737,0.586,0.377,0.613,7,web,武汉,联通,学生,black
2023023427,17449820040304864X,13936999823,6246125733177256472,90,18,24,12,34,76503,567216,48224,0.749,0.312,0.821,7,windows,深圳,电信,个体经营,black
5518488298,488901199407144105,15093033868,6288297492702826968,328,17,6,3,20,24685,219777,8063,0.363,0.387,0.465,2,android,深圳,联通,务农,gray
3459328415,174853198309164558,13314982127,6231889508732358918,56,27,27,13,24,114104,656711,86086,0.724,0.854,0.782,1,web,广州,移动,退休,black
1160611219,398544198808137707,13877067919,6266591931497839111,11,11,27,11,56,84657,641188,27850,0.676,0.335,0.829,7,windows,北京,移动,企业职员,black
3956679405,34803920031112700X,13949660423,6299420179873980624,258,35,8,3,18,30489,202636,6293,0.405,0.388,0.32,2,ios,武汉,移动,个体经营,gray
8171329633,492766199103222905,15033996129,6298355312584744700,53,26,4,12,24,80881,757376,81978,0.729,0.37,0.629,6,windows,武汉,联通,退休,black
8610882130,237612199006113555,13880779232,6262722750235556509,319,38,2,6,13,38635,228292,9614,0.34,0.305,0.239,2,ios,上海,电信,退休,gray
2532147057,529737197809024057,19960492460,6253090980974181575,11,25,29,5,57,34734,558505,38249,0.713,0.808,0.5,8,windows,深圳,电信,学生,black
3559695537,559871197506136395,13945994062,6297013316311413701,184,55,2,5,29,8139,153674,11924,0.19,0.166,0.222,0,android,广州,移动,个体经营,gray
1251512062,392410196803226267,13938932107,6208007463574791645,14,24,21,12,81,31130,675369,47816,0.538,0.861,0.894,7,windows,上海,移动,自由职业,black
3464270762,548485197305278546,13324513196,6245007150362547986,199,20,8,3,9,43241,146744,13068,0.182,0.205,0.25,0,harmony,深圳,移动,学生,gray
2245827935,194641198202283734,13834224731,6246254443599825740,285,43,3,4,17,25462,145628,7810,0.417,0.182,0.167,0,ios,上海,移动,自由职业,gray
3157966797,41386719680306238X,13844135256,6224540141722651679,264,52,1,2,23,42734,226439,11271,0.297,0.181,0.281,1,android,北京,移动,退休,gray
8227036423,247441199711283003,13398441066,6220299985294753691,583,73,0,1,18,3647,25728,536,0.165,0.01,0.143,0,android,上海,移动,务农,white
2979844014,598566197504074081,18628807449,6267888590333576196,2845,119,2,3,4,2172,31766,1904,0.107,0.235,0.153,0,harmony,广州,联通,务农,white
1927310186,185023196512252675,13837832841,6272586281559219287,84,29,40,8,69,64500,699305,88103,0.354,0.601,0.728,8,web,深圳,电信,退休,black
9673939014,42272619930921780X,13895729450,6277520200871656766,441,49,0,3,16,6622,27803,3133,0.001,0.243,0.089,0,android,深圳,移动,学生,white
6814786793,445210197802193436,18663068357,6204697256345469624,1924,41,2,1,2,8420,39364,2679,0.001,0.112,0.124,0,android,武汉,移动,学生,white
4078146271,379399196701045814,13844506369,6211861099154176673,31,30,3,11,41,30244,573875,61151,0.399,0.317,0.574,8,web,成都,电信,企业职员,black
7083180943,412477200202076962,13835272945,6230925796507369477,178,26,1,4,29,24741,178763,13738,0.263,0.165,0.316,0,harmony,武汉,联通,学生,gray
0803688918,266818199401051149,15073642324,6232823652805496217,246,38,8,4,17,11900,91043,18663,0.273,0.219,0.244,2,harmony,北京,联通,学生,gray
4026906858,641385198905128505,18688330284,6235720971143830482,60,19,21,11,40,119187,668480,51105,0.386,0.658,0.518,3,windows,杭州,联通,自由职业,black
1903189434,21947819810217865X,13849437619,6206163393378528965,68,11,4,4,38,61717,765586,37650,0.767,0.822,0.61,2,windows,武汉,电信,企业职员,black
4288414491,62405519701012749X,19911548182,6203439558463888744,138,43,2,2,28,37799,97228,10099,0.169,0.429,0.368,0,ios,武汉,联通,自由职业,gray
7983219237,51365319960308583X,15027306414,6271377449475514233,73,7,18,5,86,31470,741844,70312,0.757,0.424,0.661,1,windows,北京,联通,退休,black
1502261643,199940198806217126,13308480584,6241761918967526358,46,9,17,4,54,90748,514856,43352,0.629,0.571,0.533,2,web,深圳,联通,学生,black
3680367744,596697199203199496,15027327220,6258749104599675960,33,44,1,6,17,8113,210107,11347,0.39,0.479,0.358,2,android,广州,移动,自由职业,gray
7464090083,517506198010168842,18648767936,6271219372021125073,50,11,14,8,28,49605,417101,21086,0.672,0.35,0.553,5,windows,广州,移动,企业职员,black
2570320660,128168197604198476,13958777311,6245434546205523402,885,131,0,1,18,8631,27783,402,0.181,0.097,0.162,0,harmony,上海,移动,企业职员,white
0017362598,195835199112251690,13359837648,6228917888353894093,25,28,23,15,21,39806,487230,49287,0.772,0.637,0.879,6,windows,武汉,移动,个体经营,black
7433631865,264100198608262638,18680777621,6220485155859558937,60,13,32,9,75,46953,655354,64189,0.699,0.768,0.755,3,web,广州,电信,学生,black
2589910948,204323199709065137,13378010316,6224204052072799134,84,27,36,5,39,50496,517854,84150,0.593,0.455,0.701,4,web,上海,移动,自由职业,black
4059037906,269332199110210812,18644167320,6209423980396039750,51,38,4,6,26,16978,161455,22369,0.221,0.279,0.506,2,harmony,北京,电信,自由职业,gray
6446982260,147041198709058127,18603595972,6243704245428781197,74,23,16,8,84,67894,332430,43956,0.747,0.374,0.5,1,web,西安,移动,务农,black
6209818362,615483199201076938,13939896435,6283645765647269345,860,189,2,1,15,5750,35821,3159,0.169,0.142,0.219,0,ios,杭州,电信,务农,white
5005629228,578931199611054061,15001069235,6235094803517271422,47,30,35,11,64,117605,527511,73212,0.42,0.716,0.779,1,windows,西安,移动,自由职业,black
0875961522,445136197810113013,13839955266,6259984908574634168,1220,67,2,1,2,8060,26112,974,0.134,0.099,0.166,0,android,西安,移动,务农,white
5709980917,380656200310202411,19963052215,6227770472985282373,117,29,5,3,15,43065,144933,12954,0.2,0.236,0.356,1,android,北京,电信,学生,gray
2093809461,255567199704229109,13367395690,6290004176225663130,2747,129,2,2,6,1075,6933,2311,0.132,0.194,0.233,0,harmony,成都,移动,个体经营,white
5488560115,376993196811121587,19981888165,6232666277477045594,71,24,17,10,35,71527,597694,70555,0.685,0.87,0.415,4,web,成都,联通,务农,black
6141908094,390904199002167110,15062020068,6269663234886929279,3385,119,0,1,4,8092,33991,968,0.153,0.203,0.07,0,harmony,北京,电信,学生,white
9678291863,210166199001217328,18635176942,6256419093004450043,1353,121,2,2,4,8561,23358,752,0.076,0.068,0.184,0,harmony,成都,联通,退休,white
7065297740,308299198512016644,18699526470,6211041543916265259,90,26,18,8,44,115715,768562,78550,0.47,0.574,0.585,1,web,北京,联通,学生,black
6584230283,372083199101211151,18635834566,6220845914427799234,3392,176,2,2,4,676,7858,2535,0.144,0.143,0.137,0,android,广州,联通,个体经营,white
6147272823,615497198802061166,13331331294,6232591627845330315,108,48,7,6,23,43927,140917,15538,0.267,0.23,0.49,0,harmony,西安,移动,退休,gray
7906458075,237221197403083158,13998696223,6254088948333704674,35,24,4,11,24,119809,253293,73638,0.599,0.868,0.776,2,web,武汉,移动,企业职员,black
9988231582,633011196608083691,19902705678,6261072496206166504,8,26,16,7,56,52853,690682,21621,0.362,0.303,0.854,6,web,成都,移动,务农,black
7103945694,180021197304036865,15091505257,6249058525381410040,359,33,6,4,25,12740,152787,10299,0.3,0.432,0.385,2,ios,上海,移动,务农,gray
5311858712,532901200312136889,13309194803,6221430717374079942,1134,67,2,1,12,3773,13120,2360,0.132,0.186,0.165,0,android,成都,电信,个体经营,white
1459740424,268237198511046252,19968095082,6237078106157845010,69,27,2,3,11,30876,211025,21880,0.195,0.278,0.338,1,ios,成都,联通,企业职员,gray
5194167151,159904200208183256,15091066061,6216579682458238495,301,34,4,4,18,20099,72111,15355,0.288,0.241,0.26,0,android,广州,移动,退休,gray
9232661097,228890198407248252,18663266361,6210355430071013304,23,7,32,10,58,64211,408217,39280,0.393,0.529,0.818,5,windows,西安,联通,自由职业,black
1546619459,356069197907125042,13311049384,6248313934540603954,340,43,3,3,16,19924,186726,12269,0.164,0.287,0.435,2,ios,北京,移动,自由职业,gray
6185950812,376578197008167634,13800009453,6267278535019864066,27,15,5,13,41,45085,582809,40030,0.628,0.416,0.88,2,windows,北京,联通,企业职员,black
7581718484,398893199810285200,18620677052,6201817191965014773,3380,47,0,3,6,5473,14516,2405,0.004,0.011,0.192,0,harmony,西安,电信,自由职业,white
5690528478,286139198904289825,13389036232,6224918337059927359,1135,174,2,1,11,8036,13267,1522,0.011,0.144,0.136,0,ios,北京,联通,企业职员,white
6593810136,411696198305100521,13357218426,6200657534104884074,2485,142,2,3,13,4526,18992,2827,0.087,0.118,0.056,0,harmony,杭州,联通,个体经营,white
9309305614,382174198203102151,15052991661,6262952910768687644,3359,148,2,2,6,1944,16910,2574,0.103,0.01,0.243,0,ios,成都,电信,退休,white
3727176869,418545198004102104,13826057650,6264548810626123832,45,5,39,11,29,48315,248914,24193,0.461,0.494,0.684,6,windows,成都,联通,企业职员,black
2018715821,412161197503279619,13839741713,6228691006570321417,2954,117,2,2,12,8842,36338,1570,0.072,0.067,0.299,0,harmony,杭州,联通,退休,white
7981860046,458688196501019079,13876108347,6253640196624523823,77,29,33,6,24,52635,759216,85903,0.584,0.551,0.593,8,web,武汉,移动,企业职员,black
8938042174,646413199607069549,15048140999,6280110904859505165,42,28,7,11,62,83230,851397,55247,0.653,0.815,0.487,3,web,武汉,移动,自由职业,black
2019679195,245163197505162437,13816976264,6206454530970007782,236,54,4,6,27,22579,60562,6735,0.173,0.304,0.26,1,android,武汉,电信,学生,gray
8622199204,180365199007052755,13300894310,6238483842042356987,31,12,8,13,62,92814,359766,88000,0.606,0.681,0.553,6,windows,杭州,电信,务农,black
4496827167,245838197609084414,15066940196,6224292696362814221,311,23,8,5,11,9419,211882,9014,0.449,0.433,0.504,2,ios,深圳,电信,学生,gray
8664418506,561071198805055363,13392500296,6282224905682511611,2219,73,2,1,6,2359,27902,1912,0.053,0.193,0.257,0,ios,杭州,电信,自由职业,white
8532801563,442306199004223951,19964708780,6215580981080662573,29,28,34,13,30,88601,506784,82234,0.45,0.671,0.805,5,web,广州,联通,企业职员,black
6380536722,578468199407108430,13993305124,6239777295175603140,2196,117,2,2,18,5496,15211,1087,0.099,0.068,0.253,0,android,成都,移动,企业职员,white
5730270020,448633199302122868,19939161108,6260386414860469214,23,23,7,7,32,85054,855694,80147,0.599,0.647,0.77,4,web,成都,联通,学生,black
4520118646,202429197304057491,19914204387,6217486607552893488,360,23,8,6,24,43768,71857,9287,0.345,0.443,0.277,1,harmony,成都,电信,学生,gray
3601460017,182596199309257256,13307421737,6263829995426507530,84,7,39,8,82,78754,352123,66948,0.396,0.354,0.671,2,windows,成都,移动,学生,black
9091132207,510816197404035673,18668920440,6286114861232108973,2694,111,1,3,15,7772,32699,814,0.144,0.076,0.043,0,android,杭州,联通,企业职员,white
7817844039,569301198209092207,13399972297,6259866575789411147,3613,87,1,3,13,7146,3245,606,0.114,0.085,0.137,0,harmony,杭州,联通,学生,white
8519381805,658413197507166049,13990671099,6204517808658547498,487,129,0,3,14,5154,18744,3730,0.023,0.096,0.282,0,ios,深圳,联通,自由职业,white
1606294444,405632200205281575,19918174681,6266292030013276592,2579,181,1,1,5,6550,29519,2591,0.112,0.005,0.006,0,android,深圳,移动,企业职员,white
7407690436,594950199008197810,15080559182,6275043570885602416,3022,50,0,3,8,4753,18298,1652,0.019,0.056,0.167,0,android,上海,电信,退休,white
5795357786,293308199801085013,13979418525,6256634819343568111,78,9,5,8,54,84279,388295,53463,0.755,0.688,0.757,7,windows,成都,电信,务农,black
1982048990,561994197407147782,13364476344,6217513387400192629,54,6,26,5,87,40999,785255,76865,0.548,0.326,0.706,7,windows,广州,联通,务农,black
3274160994,184997199106176417,13951528806,6267864905114308186,32,27,26,10,50,99193,578226,37607,0.711,0.806,0.454,7,web,杭州,联通,自由职业,black
8231653551,481272198006036288,13994573686,6241154869216683029,8,7,17,7,49,104418,547178,33721,0.652,0.54,0.807,5,windows,杭州,电信,企业职员,black
6695413675,519171198412099593,13917016835,6297621973327723287,1299,62,0,1,7,8111,26478,2319,0.049,0.096,0.149,0,android,西安,电信,退休,white
4394181494,650794199105142472,18663934216,6279714281002342646,55,5,18,11,51,84253,665926,58805,0.707,0.686,0.617,4,windows,成都,移动,退休,black
1024509692,351342196502239145,13963970091,6223855726692839646,56,26,19,12,89,39892,209195,73272,0.458,0.589,0.49,1,web,北京,联通,自由职业,black
0813331310,148840200311090070,13389012013,6287019525564717936,93,14,7,5,23,21017,66715,11841,0.292,0.252,0.227,1,harmony,上海,移动,自由职业,gray
9170570021,238476197607071837,15099571995,6229722166212026993,2515,46,0,3,6,1568,39335,2446,0.06,0.095,0.104,0,harmony,武汉,电信,个体经营,white
1798139224,649764198006217660,18630747463,6218789713801730018,13,7,30,12,22,103546,365790,68960,0.756,0.35,0.598,8,web,西安,联通,个体经营,black
1128741330,52607019971119349X,13380706785,6243383115121583224,3834,188,2,1,7,3480,4196,685,0.132,0.129,0.187,0,harmony,北京,联通,个体经营,white
3275815481,296387198102135302,13827826899,6226686838980531832,47,21,7,5,21,25675,231148,16039,0.24,0.139,0.367,2,ios,西安,电信,个体经营,gray
3977326050,282393197008205968,15036354423,6296113430573919342,226,29,4,5,10,30312,244082,24276,0.32,0.124,0.238,0,android,上海,联通,退休,gray
4205752140,263437199601094990,18670006991,6285775099084677873,125,10,3,5,15,22727,113512,16692,0.282,0.166,0.349,2,android,成都,移动,退休,gray
1065457018,405774200012256626,15054126853,6258206281008821356,760,178,0,2,9,1667,15019,321,0.098,0.016,0.082,0,android,杭州,电信,自由职业,white
5932347569,442677199605096520,13379266106,6211381808435046856,48,18,24,13,72,63521,671591,68364,0.68,0.595,0.656,6,windows,杭州,移动,个体经营,black
8519224757,163445196801286377,15075882949,6208675617724658838,120,21,5,5,8,31055,247820,13988,0.24,0.478,0.182,1,harmony,深圳,移动,自由职业,gray
2192812065,575820196503088893,15040805987,6257790281679455803,269,20,1,6,20,27369,206392,19526,0.222,0.237,0.53,2,ios,杭州,联通,企业职员,gray
9609778744,554269198012240706,13351800333,6247740321907878735,2974,171,2,2,8,1545,12086,3534,0.15,0.124,0.1,0,android,上海,联通,学生,white
0772551121,50359619970706551X,15034777259,6286520888365385793,255,10,3,5,18,17759,198776,19870,0.333,0.382,0.201,0,ios,广州,移动,自由职业,gray
9875887150,434868200301129909,13897041690,6296390432112441581,90,41,2,3,18,18872,126374,11696,0.206,0.277,0.418,2,harmony,成都,联通,学生,gray
6059870745,161963196802239508,19978766267,6245197823247452455,1531,79,0,1,2,4201,22909,1687,0.044,0.223,0.161,0,harmony,北京,移动,自由职业,white
9136654984,292088197212224788,13305905899,6288779514464088589,79,20,29,6,50,112383,515501,74617,0.732,0.824,0.633,2,windows,武汉,移动,学生,black
9203615549,409347197803134768,13350290529,6269033532053535578,2217,196,0,3,3,3612,13366,3553,0.195,0.078,0.098,0,android,成都,移动,自由职业,white
5247626605,315530200203279819,19983923025,6296203485752203841,2707,199,0,1,16,5814,16625,556,0.123,0.219,0.052,0,harmony,成都,联通,务农,white
4470121974,43517819960402889X,18632807738,6210592208039170888,25,28,5,9,25,73289,518559,84925,0.434,0.512,0.577,8,windows,广州,电信,务农,black
2126854829,251480198802063600,13355804114,6231235855202273771,24,19,13,15,56,43326,379953,25403,0.488,0.811,0.556,6,web,广州,移动,退休,black
9965791369,620534200209015531,13364480934,6299820647769885868,1819,42,0,3,7,1076,8883,2371,0.15,0.06,0.293,0,android,上海,电信,个体经营,white
6523034006,232910197410089223,18682201443,6268261127047565731,90,8,32,12,65,61868,783020,55156,0.433,0.387,0.584,5,windows,成都,联通,学生,black
8691532525,359799198011196138,13300423426,6209846777512695158,20,11,14,12,20,95320,490412,28018,0.696,0.318,0.8,1,windows,北京,移动,退休,black
2459290796,645366197411264490,19970751369,6251101912260543100,145,26,6,4,18,35960,202584,15692,0.197,0.362,0.206,1,android,杭州,电信,退休,gray
2019068033,58610519900909332X,13808095353,6227798890673406397,1985,97,0,3,14,1782,28310,3182,0.195,0.048,0.02,0,android,上海,移动,企业职员,white
2820885517,266175197107204661,13882103048,6200872766903021449,909,83,2,1,6,871,27181,1860,0.085,0.141,0.058,0,ios,武汉,电信,退休,white
3261049361,172950199811129540,18644714587,6213786173419474339,2755,118,0,2,18,758,8661,1980,0.109,0.083,0.057,0,ios,北京,移动,个体经营,white
3054987774,168648197505071167,13838890019,6279940613283170357,359,58,4,2,26,11838,180323,12043,0.34,0.109,0.319,0,ios,深圳,移动,学生,gray
2198591696,399931199001048060,18694445392,6259482466161085727,355,45,7,3,29,8908,242771,16506,0.313,0.303,0.325,1,android,深圳,移动,个体经营,gray
9641733716,621926200106021928,15063494796,6211386035998672620,2971,114,2,2,18,1013,24792,3580,0.061,0.187,0.268,0,android,西安,移动,企业职员,white
3153193798,547685196511023737,15007678890,6268440261843659305,75,17,19,4,75,99623,338307,51541,0.67,0.628,0.68,4,web,杭州,移动,个体经营,black
4086205368,205651200102153662,13863935067,6280288447689705732,47,12,19,6,29,38562,788415,75119,0.616,0.864,0.648,4,windows,上海,电信,自由职业,black
4361481864,542642196911253494,13970844180,6248569034576473313,253,10,4,6,21,34557,228408,8421,0.284,0.296,0.339,2,ios,上海,联通,自由职业,gray
7653961230,305071200206022009,13389029095,6259521296467058258,1503,68,0,2,11,1324,5888,3402,0.16,0.219,0.129,0,android,深圳,电信,自由职业,white
5571167647,62276819861215526X,15054613097,6255132893835979055,48,16,12,10,52,74835,800219,51580,0.673,0.498,0.82,5,web,武汉,联通,企业职员,black
1389500749,42205619821010551X,13956419588,6293348999153683812,54,26,10,15,83,41137,428599,24909,0.405,0.575,0.457,4,windows,北京,移动,个体经营,black
1474295171,412182199306195021,13359953741,6214357458006522105,288,27,3,2,27,34096,230485,21727,0.345,0.489,0.387,1,android,广州,联通,企业职员,gray
2767044547,535445198903126698,15010145267,6238543138286641469,326,20,4,2,29,12426,226027,12224,0.275,0.288,0.395,2,android,广州,移动,务农,gray
0884100449,511853199611118915,19935908628,6232950331577770020,7,13,4,15,52,50578,702297,69509,0.608,0.555,0.718,5,web,上海,移动,企业职员,black
9433177186,641241200201277134,13981373614,6269799686766798375,85,15,37,13,20,64097,318804,65053,0.426,0.433,0.563,1,web,广州,电信,企业职员,black
1407046115,11660219940926381X,13982708381,6209716595328044268,297,37,4,4,15,40310,177927,18714,0.264,0.379,0.182,0,ios,杭州,移动,个体经营,gray
0641881436,226705197508184239,13840388244,6220166914062956079,906,194,2,3,15,6372,37096,702,0.022,0.038,0.22,0,harmony,成都,移动,退休,white
5484250593,31959219661210679X,15069576693,6239808137763587046,70,12,22,11,74,94488,807753,56424,0.439,0.851,0.608,3,windows,成都,移动,企业职员,black
4331848502,472854196511177632,19907890949,6215293156962543987,198,53,7,5,26,37466,64124,13159,0.282,0.286,0.409,1,harmony,广州,电信,个体经营,gray
6052351533,264631198711202361,18638341353,6210204910901049615,256,21,8,2,20,29100,72727,19979,0.294,0.485,0.432,2,harmony,成都,电信,退休,gray
3295313225,401079197312230160,13996480621,6284942396012957239,8,25,11,5,45,39893,716610,69180,0.351,0.798,0.854,7,windows,成都,电信,个体经营,black
1936321870,344368199208015598,13946578712,6255942917793615553,196,31,3,3,28,39733,150913,7078,0.243,0.428,0.454,0,android,成都,移动,学生,gray
2238578576,36592619770318893X,18641149964,6255105264018890820,48,23,23,7,45,106311,236486,36496,0.475,0.626,0.884,7,web,北京,电信,企业职员,black
9094340517,553309197402285479,15065647643,6233065980790167226,3403,81,2,1,10,7047,25172,1810,0.154,0.236,0.045,0,android,西安,电信,个体经营,white
3175278178,396133200302266559,13885995942,6272926988814252720,30,30,32,15,78,61726,274293,33801,0.621,0.506,0.626,8,web,广州,联通,个体经营,black
4030351067,260953196605099269,18654744296,6201079114948582867,39,9,32,6,32,85818,807137,71325,0.686,0.396,0.759,7,windows,上海,联通,个体经营,black
1144170810,224903196803052474,13314822386,6222791107514285540,66,27,38,8,39,61980,401438,39099,0.616,0.361,0.453,7,windows,西安,联通,务农,black
9890260716,628573199402100059,15046728344,6221402939217352317,2311,43,0,3,13,7209,10458,398,0.146,0.198,0.044,0,android,北京,移动,学生,white
9967331015,444592199507188727,13866303176,6224098267160147643,3548,164,0,2,9,6182,28756,3838,0.028,0.078,0.289,0,harmony,深圳,联通,企业职员,white
3585476755,438053199102277888,19912105133,6275204472660923590,1154,181,2,2,17,8303,16650,574,0.08,0.178,0.152,0,ios,武汉,移动,退休,white
1181501574,308200198607139095,13320512388,6267532369230776504,37,28,2,2,22,25413,78850,6024,0.256,0.357,0.542,1,ios,成都,移动,自由职业,gray
4024203372,478899197606169751,13309242651,6271949414203942916,33,7,37,15,39,64419,672688,64445,0.743,0.766,0.785,7,windows,杭州,联通,退休,black
5841161170,434383197004078941,13827865770,6275354857421910169,49,43,2,5,14,28095,111694,7115,0.41,0.31,0.508,2,ios,北京,电信,个体经营,gray
4264831231,413983199810058040,13901124662,6273138627068529970,483,83,2,3,9,3790,38472,2875,0.042,0.153,0.297,0,harmony,广州,电信,学生,white
8332673589,276634200210051235,13354929952,6240950496171528607,63,17,8,10,64,76790,532279,32009,0.397,0.836,0.577,8,windows,上海,移动,学生,black
8908061708,231248200407289944,15007964313,6210927193946198171,249,37,2,6,30,35913,220525,7910,0.274,0.107,0.245,0,ios,深圳,移动,务农,gray
8412400603,399886198303051069,15002676825,6248983947255294713,2037,110,2,1,4,4509,16304,2327,0.148,0.047,0.021,0,ios,杭州,移动,企业职员,white
9856291626,15592119940320778X,13823414287,6254733208969531168,36,29,32,5,68,30388,399360,43702,0.353,0.62,0.412,6,windows,广州,移动,务农,black
1693002137,289538196712267821,13997934725,6265960268711246660,23,22,17,5,75,49409,391448,59617,0.639,0.866,0.808,4,web,杭州,联通,企业职员,black
2026487502,169211199109275201,15035255249,6200630630715933919,18,24,22,13,71,113788,474805,47212,0.665,0.727,0.801,3,windows,广州,移动,自由职业,black
6896280016,616367199402199443,13971857669,6249541059132127586,1575,99,2,2,7,7363,30526,1422,0.131,0.167,0.293,0,android,上海,联通,退休,white
5716934769,148750200304027018,13983506539,6234396948879913363,144,50,8,4,15,43767,179347,22890,0.39,0.414,0.156,1,harmony,广州,联通,学生,gray
1208063858,202138198207047320,19900103004,6238198680677464352,20,22,31,15,85,65618,216722,41025,0.774,0.553,0.846,5,windows,北京,电信,退休,black
4228243015,642987197403114317,13894248291,6256568356439642241,122,10,2,4,17,17820,186708,15678,0.241,0.314,0.399,1,ios,上海,移动,个体经营,gray
2216476108,544918196510261241,19902590999,6283688534116656910,287,28,8,4,27,35614,153013,11647,0.164,0.106,0.531,1,harmony,深圳,联通,自由职业,gray
8779257180,134708199610120669,13878032201,6286769790830110333,72,42,4,4,24,15655,245161,6328,0.176,0.277,0.487,0,harmony,武汉,电信,学生,gray
8334606027,404654196510022831,13818912560,6219277373144655346,3473,93,0,1,8,1808,7580,1710,0.198,0.085,0.035,0,android,深圳,移动,企业职员,white
5908566617,419939199508106805,13359376572,6291964443734172719,2039,170,0,1,17,1328,21652,1274,0.039,0.085,0.083,0,ios,广州,移动,企业职员,white
7336573551,416326199112186548,13301713407,6283620558000089802,36,10,17,4,56,62111,746544,84074,0.683,0.808,0.477,7,web,武汉,移动,自由职业,black
6423003725,396263198006215720,19973180039,6240439118224496181,59,24,33,8,64,73612,754921,34490,0.584,0.563,0.754,6,windows,深圳,移动,个体经营,black
4694385992,314815198103203427,15050443688,6233284206005470036,314,47,5,2,21,36000,90240,9870,0.24,0.24,0.183,0,harmony,武汉,移动,务农,gray
5746754915,491983198308214077,13951749883,6227489983225514802,10,14,30,9,32,33404,580328,38122,0.617,0.681,0.577,7,web,北京,电信,务农,black
2739412159,305565198012214885,18644400873,6225073213248157764,587,57,1,1,5,3836,7194,1757,0.062,0.196,0.221,0,android,北京,电信,企业职员,white
8316871886,37753119720103807X,13813338098,6220453610514721292,31,22,10,4,29,49106,660690,49599,0.739,0.466,0.896,8,web,上海,移动,务农,black
9295119674,606282197111281027,15018807726,6262158780880217751,7,25,31,10,31,84806,635046,51248,0.376,0.891,0.701,4,web,上海,电信,企业职员,black
7733125326,113820196609174519,13872514784,6223174332664590068,11,11,39,8,89,92639,797828,75026,0.452,0.454,0.577,7,windows,上海,电信,个体经营,black
3666008112,382497198202256102,13894814367,6216154314675074016,7,22,22,12,46,64697,525019,43774,0.723,0.328,0.598,2,windows,深圳,电信,学生,black
9005215636,510506197803093016,13950353213,6238436387742621647,3884,119,2,3,15,4428,22605,2199,0.087,0.217,0.277,0,harmony,北京,电信,学生,white
4024816766,204256196503228097,15033167164,6292720559193269227,61,39,7,4,18,21972,100892,21963,0.378,0.177,0.491,1,ios,北京,电信,退休,gray
1214764537,614839200108262998,13924743665,6242666453127537060,226,52,3,5,9,11007,233948,11236,0.23,0.323,0.275,1,android,杭州,移动,退休,gray
3870110313,417024200109055782,13368857921,6243374212645512808,48,21,37,7,37,46055,887577,22244,0.629,0.581,0.731,7,windows,北京,联通,退休,black
3652178911,618746200009138150,13811575585,6295627400576200156,30,16,23,9,74,34949,639868,85184,0.555,0.571,0.887,8,windows,广州,联通,退休,black
7122650307,341679199402048498,19905866807,6282798781565248819,947,116,0,3,4,7141,39431,3157,0.057,0.011,0.18,0,harmony,杭州,移动,企业职员,white
5255631657,520229196808279928,15001805697,6224547439145019123,61,14,16,14,27,91735,592657,60195,0.382,0.669,0.454,3,windows,北京,移动,务农,black
1255957393,527888199004131206,13352570871,6268038913070179756,3698,60,2,1,5,7390,18198,2404,0.163,0.18,0.062,0,ios,广州,电信,学生,white
4917420165,228292197009197593,15006981555,6231934096422445864,6,26,9,10,76,59144,286476,66966,0.596,0.417,0.505,8,web,西安,联通,企业职员,black
2414357175,551886199806253512,18693549768,6270350916774522745,27,25,20,4,72,91021,405312,47564,0.587,0.32,0.585,7,web,武汉,移动,退休,black
9250005094,265324196907089563,19978565654,6298183982016562801,3760,142,1,1,7,5462,21771,3795,0.042,0.204,0.103,0,android,西安,移动,个体经营,white
3020937872,317848198106130179,13889665906,6206814440398370987,2348,54,1,1,2,2666,20850,785,0.195,0.001,0.275,0,harmony,西安,移动,退休,white
4056813569,377822200111152118,13906607558,6275401222635984360,12,14,28,15,31,112870,778915,28928,0.542,0.371,0.468,5,web,武汉,电信,退休,black
1381251323,294686197608074807,15060412190,6277032694650842922,3019,153,2,1,6,8588,7316,3796,0.153,0.218,0.17,0,harmony,北京,联通,学生,white
3065329208,436550196607072958,18634099572,6224067036206550147,29,10,3,11,32,76032,727159,29402,0.39,0.864,0.471,6,web,广州,移动,个体经营,black
6376667194,577148196707263156,15017314549,6247537920247927214,59,16,25,15,55,51433,210623,64697,0.719,0.456,0.461,8,windows,广州,电信,学生,black
4388611804,57086719700806926X,13967218466,6229500035348315832,39,19,31,10,88,85835,467448,20741,0.664,0.635,0.699,7,windows,西安,联通,自由职业,black
3509502675,618279196601098347,18630039845,6262393070500158453,433,192,2,3,9,8435,9420,1065,0.036,0.223,0.044,0,ios,成都,移动,企业职员,white
3317860432,432563197211099702,13386319148,6284901246608173919,5,11,3,14,28,63400,377910,38769,0.371,0.64,0.628,4,windows,杭州,移动,务农,black
5513565340,482226196906079073,15042146521,6250117455300802079,320,18,8,6,8,23740,61121,9231,0.343,0.395,0.335,0,harmony,武汉,移动,自由职业,gray
3480614787,521068200010258504,19923179485,6215625951371691469,66,8,12,13,72,104502,868935,36013,0.621,0.793,0.475,2,windows,深圳,移动,企业职员,black
0496221598,147008199411014017,13335912025,6266092054935425354,20,6,12,15,46,50825,349483,70756,0.723,0.859,0.48,5,windows,北京,电信,务农,black
5588903531,629980199005203034,19943597511,6203430599591371659,318,18,3,5,8,40653,207108,8796,0.316,0.297,0.351,1,ios,北京,联通,自由职业,gray
7225624659,46173119690905980X,19998275057,6293515002091192203,81,19,8,4,13,33292,109574,10556,0.276,0.437,0.2,2,ios,杭州,联通,个体经营,gray
8472270799,544235197005011204,13803516826,6277767648070452925,573,173,1,3,3,5681,23164,1362,0.1,0.189,0.139,0,android,上海,移动,务农,white
2515983707,63426219900406388X,13354646653,6286577908031771187,159,26,5,6,15,27961,104167,19638,0.178,0.364,0.216,2,harmony,武汉,移动,退休,gray
0358987216,11234220030107107X,13889983816,6270578671772277793,148,56,6,4,26,26466,225992,20883,0.382,0.255,0.503,2,android,上海,电信,自由职业,gray
2310936706,17707120040519703X,13973268901,6254523133914358822,488,173,0,3,6,2297,15736,2550,0.199,0.074,0.102,0,harmony,深圳,移动,学生,white
1391403872,51315119830927405X,15055339636,6291116423672860926,335,54,2,6,21,10968,233079,20766,0.352,0.291,0.524,2,ios,成都,移动,学生,gray
2641251292,588181197004099345,13926499290,6285741727412923852,316,44,3,2,24,31828,127522,11659,0.37,0.482,0.37,1,harmony,杭州,联通,自由职业,gray
6566583792,506883198206012520,13955009672,6230797092380512993,26,20,19,10,87,33496,697222,83594,0.478,0.754,0.683,7,windows,武汉,联通,学生,black
9370188830,331964199009284534,19975367578,6228543216161600406,293,21,4,2,20,28339,66118,19823,0.209,0.345,0.233,1,android,广州,移动,学生,gray
3832582785,50531819940624191X,15051579258,6212377515697000240,37,6,27,11,87,113439,329753,58573,0.477,0.787,0.723,3,web,上海,电信,务农,black
9995978738,50369019710612956X,18624010266,6237230634701343840,69,25,35,5,26,46541,687214,59791,0.743,0.631,0.545,1,web,成都,移动,个体经营,black
0163248336,605146200406087944,13845404019,6205754571936461164,52,9,24,9,82,41711,572616,72570,0.6,0.723,0.512,8,windows,西安,电信,学生,black
3913644536,236463200402282939,13998107574,6265360549416925783,43,7,35,14,65,84574,309984,58538,0.733,0.592,0.521,7,windows,广州,联通,个体经营,black
9345795178,561135198108163803,13830321698,6283685585345139437,27,7,3,14,38,86886,814915,52384,0.765,0.362,0.635,4,web,广州,联通,企业职员,black
0723676609,519696199804106949,18638630644,6248137421962617783,267,40,1,3,18,39669,226846,21577,0.228,0.352,0.227,1,harmony,北京,联通,务农,gray
6836671517,295395199311041361,18643417285,6298576101623147473,407,108,2,3,16,6657,26006,2699,0.073,0.135,0.042,0,android,成都,移动,学生,white
9458783411,216584199908086034,13360523131,6241853963938860349,429,149,0,1,10,7746,9108,1930,0.165,0.225,0.172,0,harmony,上海,电信,企业职员,white
4541804868,40875419840109202X,19918768221,6235356726166122435,58,19,6,4,41,85806,356554,89312,0.693,0.409,0.859,2,web,杭州,电信,企业职员,black
1628394894,625087197503142658,19937049388,6279757791878119798,1302,102,0,1,18,4023,39405,2321,0.075,0.198,0.27,0,harmony,广州,电信,退休,white
3629720874,208722199802213336,15081776205,6265191131179668721,59,20,26,11,83,72678,691595,69583,0.435,0.341,0.492,8,windows,杭州,电信,学生,black
3681192043,614358198204284451,15099116697,6219302640075291706,222,42,2,4,13,43845,87459,10299,0.414,0.401,0.174,1,ios,武汉,电信,个体经营,gray
9896441126,229142199403265866,13379317011,6266452970069831022,271,59,1,2,11,40102,242272,21781,0.433,0.165,0.224,0,ios,广州,联通,退休,gray
3517987611,652367199904250611,13391205185,6293243670298469105,11,30,25,7,76,56892,313838,34861,0.581,0.751,0.44,7,web,北京,联通,自由职业,black
4091176082,564144199209091771,13818809642,6234109035875498288,1257,99,2,1,3,1943,15696,3292,0.181,0.183,0.276,0,ios,杭州,联通,个体经营,white
7651705052,631822197308234716,13912211359,6207365399666772755,3773,138,0,2,6,5439,6196,2327,0.073,0.053,0.148,0,ios,北京,移动,自由职业,white
7221622225,180891199406073831,19900242310,6222646084038256032,156,43,3,6,10,10623,163063,12099,0.317,0.319,0.284,1,android,深圳,移动,个体经营,gray
7688182941,622053199805052469,13378235641,6252664328810150048,27,20,14,9,45,46416,303005,62465,0.417,0.46,0.695,5,web,杭州,电信,务农,black
9129879255,336202198712045194,13941629451,6279155008137999630,30,14,13,11,89,70274,760246,44763,0.439,0.451,0.601,1,windows,深圳,电信,务农,black
2042324068,480714197211062082,13935267595,6253495896436839441,76,11,39,4,63,41832,872386,28328,0.725,0.493,0.699,5,web,西安,移动,学生,black
3222620200,122364197405237134,15051552251,6208029326025434044,60,13,34,6,43,32149,889454,21328,0.368,0.824,0.659,5,web,杭州,联通,学生,black
2259411960,443921197008175693,13992048313,6294163564615337921,80,10,17,9,82,77672,797559,64911,0.769,0.328,0.452,8,windows,广州,联通,学生,black
9269576949,195923199801125634,19923689969,6283233507075934938,2037,194,1,1,17,3827,16939,1454,0.189,0.084,0.075,0,android,武汉,联通,企业职员,white
3115122844,632032198305211528,18666353494,6262847022613327963,107,42,3,3,8,28816,186514,24945,0.251,0.461,0.496,0,harmony,西安,移动,学生,gray
9633370191,602156196808122316,13844364838,6281236376471508450,53,18,30,7,59,56560,581821,75066,0.771,0.753,0.438,2,windows,杭州,联通,退休,black
3943896293,581255197112065612,18634394112,6294014602882238261,164,10,8,2,24,16921,89972,23161,0.342,0.389,0.414,2,ios,西安,移动,学生,gray
2645053318,501459196812071575,15073990299,6267608044887142009,121,14,7,5,22,13732,212195,10517,0.191,0.214,0.308,2,ios,武汉,联通,个体经营,gray
9396990614,480890198607186412,15016531436,6272771087118143035,1261,39,2,1,7,5439,13894,3134,0.183,0.082,0.287,0,android,成都,电信,企业职员,white
6070763984,588842199102064093,13932846023,6269762355904097633,1971,113,2,3,12,6949,12277,347,0.143,0.161,0.097,0,ios,武汉,联通,自由职业,white
3290042645,626984197010279903,15003743562,6218750776258397278,31,23,15,4,21,111799,457457,88952,0.608,0.764,0.873,8,web,西安,联通,企业职员,black
3683229315,186111199011095754,13889430989,6276951347572317120,1256,95,0,2,18,8879,8580,3693,0.06,0.07,0.292,0,harmony,广州,联通,退休,white
7771926190,554122197310042865,13353907916,6280051376273884771,11,22,21,5,40,91777,457638,47167,0.474,0.647,0.839,1,web,深圳,移动,自由职业,black
5351148580,578047196901236632,15087652288,6290253723142012791,1003,185,2,3,9,2437,10925,3456,0.102,0.077,0.191,0,android,上海,移动,企业职员,white
4602857621,649002197007269279,13837274973,6267074958759260811,121,22,1,4,28,13436,128443,15665,0.436,0.248,0.192,0,android,武汉,电信,务农,gray
6954048924,590986200008267783,19974191649,6216311348189146258,44,6,21,4,21,41524,709521,73188,0.623,0.79,0.884,5,web,西安,联通,个体经营,black
7574990653,530846198009020003,13947223876,6271020587949806621,327,41,6,6,27,40796,176300,14586,0.202,0.318,0.379,2,harmony,西安,电信,企业职员,gray
8275802852,284220198710037686,15062179656,6295987673554112769,43,29,15,14,64,55018,275549,23809,0.6,0.606,0.513,1,web,成都,电信,个体经营,black
5888679707,487025196704244648,19905289393,6225966602970842312,9,9,38,6,64,61827,488708,51327,0.435,0.672,0.554,5,web,北京,移动,学生,black
9319497575,113054200004251158,13956863903,6248759323543214391,48,19,9,7,61,82473,293534,23009,0.364,0.675,0.593,1,web,西安,移动,学生,black
8109666034,463746196510047196,15036292174,6287678633145886233,550,100,2,3,7,3533,16606,2238,0.143,0.101,0.276,0,harmony,上海,移动,自由职业,white
6259748445,168256199004281083,13816342749,6217275944376523020,262,42,1,4,22,12906,129326,6456,0.156,0.386,0.466,2,ios,杭州,联通,务农,gray
1610478780,391006197708201156,13829119790,6217669191922522840,22,30,31,14,71,113814,201003,78532,0.671,0.349,0.416,5,windows,上海,电信,学生,black
5183476778,653165198201057875,13840578645,6231410200858886432,73,7,22,5,74,108283,219756,67542,0.614,0.661,0.462,3,web,上海,联通,个体经营,black
0518533594,399823199603180505,13899268186,6292587344819749324,35,12,12,10,50,71861,741912,68823,0.508,0.34,0.83,7,web,杭州,电信,退休,black
4178692165,129214197412020740,13972282219,6245078588596053373,241,46,2,3,29,18940,177009,23479,0.209,0.216,0.422,1,harmony,西安,联通,个体经营,gray
7363235295,125823199112062778,15031773792,6259022378942283254,81,9,27,4,79,65488,612460,78976,0.563,0.892,0.68,2,windows,杭州,移动,务农,black
6906821364,436263196809147164,13906262146,6267240435257829908,3768,35,2,3,14,3851,25854,2910,0.161,0.22,0.084,0,harmony,西安,移动,退休,white
7863375188,250782199810031223,13871841081,6290852440620156339,28,9,38,7,73,40596,653727,72437,0.649,0.375,0.608,4,windows,成都,移动,自由职业,black
3471238122,506617196809140277,18666585627,6267294116919215553,90,13,8,12,90,42416,645053,27500,0.771,0.697,0.837,6,windows,上海,移动,企业职员,black
1696264261,344304199411070907,18684270193,6283970209466646306,3940,155,2,1,4,5275,20405,3230,0.186,0.089,0.132,0,ios,深圳,联通,自由职业,white
6629445384,268046198902164754,15057128569,6257081776862573445,63,11,28,12,70,89074,630967,61806,0.453,0.819,0.551,6,web,西安,移动,退休,black
1004934700,437201198207226826,19913179019,6283463083093512285,3876,45,0,2,8,7205,36115,617,0.114,0.05,0.162,0,android,上海,联通,自由职业,white
7153999937,537061200211233902,13829375150,6265529303093455195,4,19,5,15,22,39676,374277,89231,0.452,0.889,0.659,2,windows,西安,联通,企业职员,black
7743245707,333027200211103416,18652756111,6212486880432811642,60,6,24,13,38,89846,425451,23721,0.473,0.866,0.537,8,web,广州,移动,企业职员,black
7005226273,555720198002265050,19954464215,6260410384050874209,1205,111,2,3,13,6886,22374,922,0.168,0.007,0.153,0,harmony,广州,联通,务农,white
4096634615,367887197704014806,19975631329,6288831140663132881,78,28,31,7,27,113364,369622,79774,0.555,0.66,0.482,2,web,上海,联通,务农,black
2866887793,253749199210201077,15061312009,6229764535615863981,100,24,4,5,10,33837,158148,18164,0.216,0.205,0.262,1,android,武汉,联通,退休,gray
6900117155,320007199204176671,19998757975,6278617076598151478,80,24,15,11,68,58513,536136,41069,0.472,0.341,0.587,6,windows,西安,电信,务农,black
4431211573,474392198601080168,18633912216,6238180709541266869,3581,195,1,1,18,1603,37669,749,0.08,0.152,0.107,0,ios,上海,联通,企业职员,white
3249204699,651160197404103906,13318199348,6271281252788765103,291,36,4,3,23,43945,166594,10154,0.411,0.339,0.361,2,ios,上海,电信,退休,gray
0723175081,400481200108247184,13957162865,6200460131768429088,3324,39,1,3,2,3643,26697,953,0.101,0.211,0.197,0,android,上海,移动,自由职业,white
4247808150,53317920030626998X,13812092638,6251447690657485800,258,44,6,4,23,38762,87049,12197,0.337,0.47,0.306,1,harmony,北京,移动,企业职员,gray
7291532398,470026199607236056,13912755440,6280454333113920374,42,21,23,14,42,96605,452547,22289,0.675,0.879,0.679,2,web,西安,电信,企业职员,black
8807373236,209681198502058252,19936507377,6279866573810913013,1201,148,0,1,13,1896,37367,3741,0.046,0.249,0.143,0,android,广州,电信,学生,white
0811578986,238675197212284002,13373169982,6265313628424911527,90,28,38,7,47,61017,531069,29612,0.725,0.616,0.566,2,windows,杭州,联通,务农,black
7225651864,419595198909269646,15072928050,6283694748414369151,3340,93,0,2,2,4400,11841,2545,0.186,0.005,0.12,0,harmony,杭州,移动,学生,white
5740004032,559458197308263630,13377033613,6226500519898074427,13,13,11,14,66,113298,565688,65456,0.506,0.667,0.584,7,web,深圳,联通,退休,black
3808997008,601822200003093370,13995748980,6211058349203657011,438,104,0,1,7,2556,26425,1313,0.192,0.015,0.035,0,android,上海,联通,务农,white
2196043234,154211198101077086,13376702720,6287225278176176390,364,18,4,3,18,11513,222696,8576,0.361,0.423,0.406,2,android,成都,电信,自由职业,gray
2348199155,404078196606175779,13997211936,6203984867577568579,32,12,17,14,29,39111,238485,70789,0.654,0.596,0.718,4,windows,北京,联通,企业职员,black
6509378622,373645200108087316,13390391376,6211606703582439196,22,26,37,4,31,119848,873051,23576,0.62,0.736,0.68,7,web,广州,电信,退休,black
5815222414,241994199601207892,18615227192,6248420682564197807,2587,60,0,1,8,6309,17123,1687,0.116,0.14,0.162,0,ios,西安,电信,自由职业,white
2732708026,167345196508068454,18682731337,6225311435007097023,217,35,1,3,15,23536,196362,17737,0.222,0.115,0.311,2,harmony,成都,电信,学生,gray
3060057639,616097196705226267,13876249369,6267274398861011203,1103,136,0,3,16,1761,33799,2415,0.146,0.196,0.143,0,ios,广州,电信,个体经营,white
0111237145,215221197410267664,13964748765,6203582434786073136,133,12,5,2,14,37598,123604,23965,0.219,0.436,0.21,2,android,上海,电信,务农,gray
1321287980,406470199607274776,19991696221,6251922550428200544,1917,185,0,1,13,8289,17473,711,0.066,0.049,0.141,0,android,上海,移动,退休,white
1453359257,148790196709196680,15086595049,6259983454874678310,216,34,7,6,30,26530,173532,20868,0.303,0.297,0.521,2,harmony,广州,电信,个体经营,gray
3992236153,512773198607011547,13399689660,6221551698701758352,793,87,1,1,2,7381,33883,528,0.1,0.114,0.013,0,android,深圳,移动,个体经营,white
6937876524,325452197910182380,13854239833,6276270078176719169,14,17,7,8,24,102909,558721,67783,0.424,0.633,0.501,5,web,北京,联通,学生,black
2161809513,40439019830708277X,13833958527,6245290431131170881,65,5,6,7,79,86236,804724,86278,0.517,0.748,0.621,5,web,杭州,移动,务农,black
4010710511,272411197508214766,15046474032,6212056526875280576,71,9,23,8,38,63533,243612,62093,0.517,0.862,0.726,4,windows,深圳,电信,企业职员,black
1810948299,493320200207202175,18669192482,6270553188405418057,36,29,31,11,44,111562,376825,58124,0.474,0.723,0.683,2,windows,北京,联通,务农,black
3468630445,221586198804013359,18615484461,6225170451413378511,12,20,24,4,38,83989,449768,50224,0.386,0.543,0.699,2,windows,成都,联通,退休,black
5693358155,207518199803287732,19940563456,6241154005396501677,3077,109,0,2,3,5188,36687,2000,0.127,0.053,0.017,0,android,武汉,电信,务农,white
2334670518,459893196704221998,13922175945,6274565377158188336,285,21,2,3,27,25561,117790,13208,0.361,0.41,0.342,0,harmony,成都,联通,自由职业,gray
9454215462,187194198801021313,13378582985,6245422778123605545,87,20,38,12,51,56665,263477,44462,0.769,0.392,0.489,7,windows,武汉,移动,个体经营,black
5464702765,58871920000907286X,13913836756,6216335981724055574,8,12,27,13,48,45877,546695,68269,0.662,0.661,0.787,1,windows,北京,电信,企业职员,black
4782799611,512251199606289616,13827804978,6298427869725813496,8,20,9,5,87,108638,884898,83124,0.781,0.825,0.762,1,windows,成都,联通,退休,black
1563853522,614702198604070188,19993113193,6213248457431395164,266,17,7,3,14,43562,131950,19033,0.212,0.394,0.449,2,android,武汉,移动,企业职员,gray
0815316360,393764198410034016,13857042030,6201803849348774649,85,22,4,7,60,104677,522827,69100,0.702,0.583,0.775,2,web,深圳,电信,学生,black
0124115898,538355199411090965,18604847352,6206042834814164443,81,40,4,6,14,8180,204506,17344,0.226,0.482,0.157,0,ios,广州,联通,务农,gray
6344115072,609698196804020952,19949897781,6240693458897518340,18,19,36,13,60,107464,840238,36774,0.598,0.685,0.635,7,web,杭州,联通,学生,black
0475769030,121694196612190222,15028098021,6256014465592096787,606,197,2,1,9,4867,18113,2307,0.105,0.222,0.246,0,ios,成都,电信,自由职业,white
1094592801,162390197501092980,19962891402,6269200610318283279,105,16,6,2,15,41829,238662,19771,0.38,0.33,0.199,1,android,杭州,移动,学生,gray
0507726494,149125197710182044,13816531315,6230092990667831437,34,15,33,14,64,77124,661705,46670,0.684,0.302,0.547,2,web,武汉,移动,个体经营,black
6884373202,448253199605172768,13356648508,6219512747393217368,35,11,24,5,73,96363,285094,78715,0.453,0.619,0.585,7,windows,武汉,电信,企业职员,black
3004089665,286323198409175819,13879431394,6281646347418346412,885,118,2,1,17,3587,39090,399,0.115,0.118,0.051,0,android,西安,联通,务农,white
6170001741,34338719870504893X,18655626453,6248443640894526050,145,15,4,5,28,21494,132797,11029,0.167,0.385,0.501,2,harmony,上海,电信,学生,gray
2607503785,260837196604176109,13852753667,6293282863375247186,79,22,29,9,29,58288,732233,45909,0.39,0.535,0.559,8,windows,深圳,移动,个体经营,black
4678483947,281178199104220216,18639490955,6224016966589060900,3420,108,1,3,11,2857,30931,980,0.122,0.014,0.125,0,harmony,西安,联通,学生,white
8808383743,371608199912014072,15043019687,6223789311705293325,1219,120,1,1,2,6815,26476,3246,0.17,0.183,0.11,0,ios,广州,联通,学生,white
5673213013,517549198612244393,13326466324,6212489410630587973,952,32,2,3,11,3923,27683,1902,0.034,0.065,0.282,0,android,广州,移动,务农,white
6801144891,231027198507194647,18606542840,6262325635105672924,59,56,5,2,14,28160,121923,16629,0.163,0.278,0.197,0,ios,北京,电信,退休,gray
3912718193,203305196608280572,19928935378,6205809141177955362,70,9,6,7,83,55570,214156,67232,0.553,0.677,0.52,4,windows,上海,电信,退休,black
3988095725,173271197107175173,19984147991,6229174150207642466,12,30,21,8,70,47616,519202,43411,0.646,0.601,0.52,3,windows,深圳,电信,学生,black
3791134525,12419019710228232X,13345869820,6230755409101302380,2680,66,1,1,13,1917,29788,1048,0.051,0.123,0.115,0,android,上海,联通,自由职业,white
2191458052,530204196508175768,18641817455,6284332621629076247,808,88,0,1,2,7777,21437,2383,0.188,0.037,0.073,0,harmony,上海,电信,务农,white
3527885330,303412200008075128,19914266914,6298461977773447259,2508,85,1,3,10,3686,17176,1129,0.097,0.041,0.118,0,ios,杭州,电信,学生,white
8351138465,403369197306242007,13351036281,6258918588790888436,39,27,40,8,68,68532,866011,31810,0.772,0.707,0.625,6,windows,成都,联通,自由职业,black
0261465517,549071197110252246,18669043739,6269284956126766469,938,185,1,2,18,6772,20537,2241,0.12,0.004,0.094,0,android,武汉,电信,自由职业,white
7912371258,512910199710176898,13389732577,6213613292631778523,153,43,7,4,20,35237,139154,7476,0.274,0.325,0.229,1,harmony,杭州,移动,自由职业,gray
7759578378,231150198504059016,13324199164,6240700252029748124,3906,117,2,2,14,7935,15286,2047,0.12,0.053,0.05,0,ios,上海,联通,务农,white
1357658197,655292198805164043,19936782109,6297376864477778451,50,58,4,2,13,13570,130480,15977,0.191,0.164,0.157,2,android,北京,联通,务农,gray
0034169721,206933197804263048,19934021085,6209767930197664573,85,21,31,9,21,41844,480368,82670,0.614,0.853,0.683,3,web,北京,移动,个体经营,black
5903159991,442448197710265264,13312595909,6243978774398749854,1312,120,0,1,14,1934,39631,2510,0.16,0.103,0.087,0,android,武汉,移动,个体经营,white
2843214677,157583198805139389,18603790514,6259411113549278310,33,10,25,7,21,43391,546170,78172,0.753,0.398,0.437,5,windows,深圳,联通,务农,black
1085312830,143821198003184662,15034196904,6200677730067737219,3909,57,2,1,11,8186,6123,2522,0.089,0.133,0.141,0,harmony,成都,联通,个体经营,white
1915903996,320237198402277696,19930947503,6205434519303550506,66,40,2,6,28,44817,236142,15767,0.197,0.173,0.331,2,harmony,武汉,电信,自由职业,gray
6999587919,260364197404125042,15065730536,6223763123709195188,83,22,7,2,22,35857,191308,18219,0.435,0.129,0.47,2,harmony,杭州,电信,个体经营,gray
6718073938,127337199704031153,19902832938,6288583460414138224,43,25,18,11,71,108229,382255,74660,0.781,0.445,0.439,6,windows,武汉,电信,退休,black
6895786541,565881197108186321,19902276476,6280180223501759954,76,21,32,5,40,44513,239202,31835,0.6,0.693,0.628,5,web,北京,移动,退休,black
7294667704,583940199710030285,13958233486,6210113681508553397,2993,44,1,3,17,5110,9701,1863,0.065,0.218,0.077,0,ios,深圳,电信,退休,white
8309656204,137703196908100651,13368623173,6235676825048755700,3501,72,0,2,15,8980,37453,1438,0.176,0.07,0.126,0,ios,广州,电信,企业职员,white
4068614669,259199197512175455,13948910062,6266491503621457062,762,58,2,2,4,4648,7515,589,0.008,0.015,0.211,0,android,成都,电信,务农,white
2099410910,17954619791226404X,13343995797,6252779044644283240,323,55,4,2,21,41560,153619,6320,0.374,0.102,0.323,0,android,北京,移动,务农,gray
7783252352,398022197409045841,18687484767,6293980469300971029,1534,69,0,3,12,3528,39329,827,0.04,0.185,0.176,0,ios,深圳,移动,务农,white
7493650744,619553198007278770,19963669938,6206967075775947582,3726,75,2,3,16,5008,29960,3256,0.107,0.123,0.169,0,harmony,杭州,电信,企业职员,white
1845706165,524835196702087183,13820653867,6277835471474004001,2153,165,2,3,8,1527,21812,1686,0.013,0.146,0.163,0,android,深圳,联通,企业职员,white
1099379890,63529119860518082X,19974417855,6261729903171407927,1983,145,2,1,3,6175,26130,2236,0.023,0.11,0.113,0,ios,杭州,联通,自由职业,white
5526615095,398885198903175507,18646422629,6282520088045830841,76,8,35,10,58,56789,858383,23023,0.389,0.711,0.522,4,windows,北京,移动,退休,black
9480808548,32498919980802251X,13374602865,6296858413558325526,44,30,29,14,64,76180,874172,34078,0.789,0.667,0.415,8,web,武汉,联通,个体经营,black
7483101998,58965619910206811X,15026858928,6257087106270471870,8,22,9,12,29,71576,681042,83755,0.43,0.657,0.663,3,web,成都,电信,务农,black
4220631172,395527200211134377,15077030588,6243065143556213670,2102,165,1,3,18,4537,17677,324,0.178,0.099,0.17,0,harmony,杭州,联通,自由职业,white
8315506391,648552198610021718,19923849789,6208535260663790533,50,20,21,10,78,51240,291827,44785,0.753,0.435,0.88,7,windows,北京,电信,务农,black
5927060587,138480197105241456,13935107490,6261341899311997116,38,21,18,8,41,100107,270772,69309,0.728,0.824,0.532,6,web,北京,联通,学生,black
5539841206,633729197208229638,13829558451,6279163045621843445,87,23,11,4,54,59462,346206,51815,0.525,0.432,0.614,2,web,成都,移动,企业职员,black
4142684050,658640197306011623,19929046946,6213101864425767406,17,30,7,5,75,51082,635101,65945,0.521,0.843,0.669,4,windows,杭州,联通,个体经营,black
0801734879,595991198001182207,13375214904,6278560368852743193,26,30,24,13,83,34207,795470,56117,0.602,0.394,0.672,7,windows,武汉,联通,自由职业,black
5666783926,652923198801011683,15098089433,6224079288024023426,61,26,29,12,84,70346,528998,44787,0.644,0.838,0.679,3,windows,上海,移动,自由职业,black
3281968184,600247196704160716,19977961218,6272348037217762660,230,55,5,3,20,21323,71957,14316,0.232,0.36,0.447,1,ios,武汉,电信,企业职员,gray
2636475401,570819199407035663,15035327505,6281558670288374147,5,25,23,8,42,43167,549844,76124,0.483,0.431,0.525,4,web,广州,联通,退休,black
5664509945,439676196902261377,13947553319,6203546774168817391,3,30,22,14,36,30004,232799,80548,0.646,0.877,0.79,7,windows,广州,电信,退休,black
3716970285,42630919881111395X,15013362137,6288043501290054242,42,51,7,4,18,23133,183357,12768,0.355,0.289,0.441,1,android,深圳,移动,个体经营,gray
7044922515,520993198112091093,13820872189,6204772219546955972,46,7,35,14,23,40924,656373,43962,0.463,0.379,0.836,8,web,广州,电信,退休,black
9739803293,586645197606096906,13896307307,6205049451439628613,3148,114,0,3,16,6655,29027,3613,0.164,0.179,0.032,0,ios,杭州,联通,自由职业,white
7728673950,436258200104254889,13837072939,6266547302091665432,224,17,5,5,19,34471,129367,23561,0.159,0.446,0.174,0,harmony,西安,移动,个体经营,gray
7268443469,17298319990528157X,19966819917,6235032304374711018,69,10,34,15,38,74962,776073,79552,0.567,0.878,0.641,2,web,杭州,联通,自由职业,black
2444853563,522774196710148837,15024612645,6241385782436799655,40,59,1,6,19,20267,62761,7682,0.324,0.399,0.534,0,ios,西安,移动,退休,gray
1076499497,614276196509235744,18627353069,6229581914412672514,43,18,8,11,82,117868,413785,21575,0.425,0.673,0.549,6,windows,成都,移动,务农,black
4425318792,222730200302128082,18667119658,6236026560479132423,2997,160,1,2,10,2694,25679,357,0.085,0.141,0.299,0,android,杭州,移动,自由职业,white
9105417585,40010819670405095X,18640775614,6220641576629449830,10,13,39,14,72,85591,504267,87782,0.433,0.536,0.762,1,web,武汉,电信,退休,black
3311271579,17487519880812187X,18644770555,6254541430118459260,172,48,2,6,17,16331,233833,19067,0.373,0.154,0.372,2,android,杭州,联通,学生,gray
1387644106,488691197211100968,13950031978,6225616140389949695,8,21,15,4,36,116216,830425,21902,0.472,0.448,0.457,8,web,西安,电信,务农,black
7239287808,337163197512231823,13869253340,6205651481236386040,3966,165,1,1,15,599,8110,1610,0.008,0.075,0.078,0,harmony,上海,电信,自由职业,white
6246604433,623258198910274779,15089788461,6288357311129765895,89,11,32,9,57,105575,586209,52562,0.568,0.867,0.786,3,web,成都,电信,企业职员,black
4842603256,369026197202271053,15027541231,6278394673124108820,9,12,7,14,45,105885,891393,65118,0.555,0.341,0.861,5,windows,广州,移动,企业职员,black
9664218499,459606197104110384,18670688029,6239871555850008939,2162,110,0,3,17,7453,9168,1735,0.182,0.003,0.219,0,harmony,成都,联通,个体经营,white
4158457065,50810520001010996X,13943922577,6231970420558467276,76,11,8,12,81,99108,649705,66276,0.566,0.396,0.577,2,web,西安,移动,务农,black
6606996529,278541198612287158,13930598599,6253812352903561427,23,29,30,4,78,90374,239232,67422,0.696,0.797,0.682,3,windows,广州,电信,自由职业,black
7505141623,204454198905201058,15060084830,6200359564142137936,9,24,40,15,65,93635,504843,69666,0.574,0.818,0.457,4,web,杭州,移动,学生,black
6555399694,137491198008076528,13979292120,6210385243590771368,31,25,28,6,36,86346,203642,84812,0.423,0.616,0.635,4,web,杭州,电信,学生,black
4673065024,59690019951204327X,13812635418,6264909634606450728,1,20,30,11,42,71053,492894,73394,0.57,0.385,0.482,8,web,深圳,移动,退休,black
3560642834,123104198009039973,13989372353,6258628839191011891,13,7,20,11,39,50645,527055,38204,0.386,0.569,0.747,8,web,深圳,电信,个体经营,black
3455291252,583032197604247055,13820391770,6245966184963201531,1136,75,2,1,4,7676,33320,2583,0.039,0.053,0.032,0,android,广州,移动,自由职业,white
0914994685,352308197803147268,13827922121,6234065131960499209,56,14,11,9,57,73902,496953,88284,0.649,0.426,0.856,8,web,成都,联通,个体经营,black
2234956573,626025199202046754,13804851602,6216055046315860867,47,28,29,12,38,91808,664005,27613,0.658,0.855,0.41,8,web,武汉,电信,企业职员,black
0933151245,490213199701125239,19994472562,6286684464696104158,78,10,17,6,23,117387,530358,71973,0.714,0.701,0.752,4,web,杭州,移动,企业职员,black
8158997831,396606198808070677,13836958532,6200169908777960001,3823,143,2,3,16,6318,3294,3678,0.139,0.052,0.067,0,android,上海,联通,个体经营,white
8220479251,44686419960225157X,13830064593,6244796622711708349,111,14,4,5,11,12111,145436,14057,0.179,0.268,0.407,0,harmony,西安,移动,务农,gray
9534223679,426659197407048887,15008546527,6228001887288184630,34,19,33,6,77,52511,809407,71649,0.42,0.837,0.432,8,web,深圳,移动,自由职业,black
1208346645,548724198602156815,19995815533,6263330776059128468,229,29,5,2,9,22141,230908,12027,0.25,0.246,0.265,0,android,深圳,移动,个体经营,gray
2754557295,57119219820117772X,13857841207,6270424365101738651,2563,149,1,3,10,1561,32082,2929,0.038,0.133,0.262,0,android,广州,联通,学生,white
4840953509,614116197302283660,18696312231,6293966271691291906,76,6,23,4,79,54063,431075,80758,0.694,0.495,0.504,1,windows,西安,电信,学生,black
6060375121,397950197203269216,13832011645,6261672657983511752,766,44,1,2,11,4099,27288,3458,0.14,0.145,0.196,0,android,深圳,移动,个体经营,white
8639502596,645839197505040798,19992825382,6288130269311657398,195,11,4,6,25,12775,94573,18122,0.294,0.36,0.216,1,android,成都,移动,企业职员,gray
3293768342,194290199208240595,18615903173,6289503018644330795,319,31,8,5,26,20400,71715,8409,0.167,0.149,0.393,1,ios,深圳,联通,企业职员,gray
8290182737,220764197612029221,15085751746,6255888679647135061,110,46,3,2,23,8607,221248,18008,0.339,0.117,0.446,1,ios,深圳,联通,企业职员,gray
0874165474,643555196601010217,13392311669,6235016302981328335,3695,73,0,1,12,2979,4891,350,0.063,0.04,0.095,0,ios,深圳,移动,个体经营,white
6920416334,128144198410011046,13338853534,6221099427062455257,316,53,7,2,30,19076,179661,21892,0.331,0.288,0.151,2,android,成都,移动,学生,gray
9802373069,578390197411035283,13861633345,6296882288804531051,21,10,10,7,26,53555,883795,21789,0.394,0.451,0.714,1,web,西安,联通,自由职业,black
9889970157,121258196609239223,13883609299,6233157115796967959,299,29,7,5,16,29245,191799,13842,0.308,0.219,0.384,0,ios,成都,移动,个体经营,gray
2545323437,536696197106253758,15074442753,6223001215342111440,126,23,8,6,27,32239,103117,12291,0.288,0.445,0.252,2,harmony,杭州,电信,自由职业,gray
2754647453,223732199103228502,13314012231,6258674475274383302,61,30,32,7,89,93207,403080,51854,0.685,0.469,0.48,1,windows,深圳,联通,自由职业,black
3694385586,627905199304226412,13973160312,6267569450679272850,1937,181,0,3,15,3972,28037,3166,0.015,0.18,0.134,0,ios,广州,移动,学生,white
8923200716,390964197901107400,13368914513,6292403225991879896,25,17,32,4,40,89631,777602,82464,0.706,0.817,0.581,7,windows,广州,电信,退休,black
9891094480,331254200001030500,15034291077,6277500456468173137,53,10,30,13,65,42507,283868,29048,0.743,0.625,0.874,7,windows,杭州,移动,学生,black
6453268715,332435200111252123,13857994449,6219480819138810868,59,20,16,10,73,77013,376970,54320,0.74,0.509,0.832,1,web,深圳,电信,退休,black
6854791428,309305196808049540,18685474188,6224382878354555927,48,25,37,12,47,85742,558569,25163,0.589,0.313,0.41,8,windows,北京,移动,退休,black
3787525978,300134199006014825,13972471830,6249595209294201933,1284,141,2,3,6,4520,25979,1223,0.018,0.03,0.127,0,harmony,北京,电信,个体经营,white
4985213066,338583197206269003,19946712438,6235296611015164168,55,21,32,12,38,93550,781241,44840,0.751,0.822,0.832,3,windows,上海,移动,企业职员,black
2051942617,121497198711174304,15045853931,6212502109492219707,1529,59,0,1,18,2312,28421,1745,0.069,0.131,0.293,0,harmony,杭州,电信,自由职业,white
2149424311,529691198612275158,13965268277,6269973408101716353,3441,61,1,2,7,8110,13373,2435,0.012,0.24,0.209,0,ios,北京,联通,退休,white
0071864950,248359199711195922,13963194852,6238037631707122963,1751,195,2,2,10,1085,15067,1792,0.091,0.168,0.076,0,harmony,西安,联通,退休,white
3868926942,401289198607131503,13957147177,6284551932489897375,18,22,19,11,90,46760,683018,51218,0.468,0.746,0.546,3,windows,成都,移动,企业职员,black
9460134828,440550199006115316,15069731870,6298865470579245459,2770,75,2,2,5,4089,4953,2397,0.018,0.244,0.148,0,ios,深圳,电信,自由职业,white
0571180138,380399198902282435,18678326550,6228534588914399557,67,9,4,8,58,83299,424638,59783,0.541,0.436,0.413,2,web,深圳,移动,务农,black
5474105232,251974196701096250,13809397509,6250748919002950038,3583,188,2,2,16,2156,35429,1585,0.179,0.125,0.111,0,harmony,深圳,电信,学生,white
4629710862,364240198605149327,13821869748,6218164505953966639,915,36,2,2,7,6912,32716,2764,0.109,0.085,0.034,0,android,成都,移动,企业职员,white
0037467781,232210200404180691,13925764670,6227056928362222507,2348,188,1,1,16,6843,23288,878,0.173,0.131,0.284,0,android,西安,联通,企业职员,white
0287016820,589244197403072298,19966102952,6209960113713413242,289,13,1,5,15,36469,181686,18270,0.222,0.124,0.165,2,harmony,广州,电信,企业职员,gray
7407420562,504122200210183412,13805554012,6291189388925039212,69,17,12,6,69,51405,830417,36010,0.787,0.55,0.587,2,web,杭州,电信,自由职业,black
0062653483,370662200207211087,13998966286,6251121658919034856,333,24,8,2,13,9186,73240,9216,0.448,0.338,0.44,2,ios,成都,移动,学生,gray
8961249363,166826198912155995,13992241788,6202542808370665693,1086,58,2,3,13,6100,8029,2485,0.074,0.202,0.142,0,android,西安,移动,务农,white
1122093713,244037199004174701,13823667337,6241209466275076658,588,128,0,2,13,3291,23009,2563,0.18,0.119,0.117,0,harmony,武汉,移动,自由职业,white
2775658083,64860219990204852X,13888627101,6276543905859453345,304,15,5,5,30,9883,128977,7698,0.314,0.276,0.349,1,android,北京,移动,学生,gray
4322826264,316879196502110958,13839524390,6256684668714598889,1203,58,0,3,2,7301,37794,3724,0.082,0.144,0.203,0,harmony,广州,移动,退休,white
4346628242,522946199310241972,13810282761,6283648099549225264,343,37,7,3,22,28942,70814,17081,0.393,0.343,0.359,0,harmony,上海,电信,务农,gray
8253548479,133614198911156204,13939560207,6207542440945546791,173,15,2,2,9,13928,199260,20977,0.356,0.19,0.315,1,harmony,杭州,移动,退休,gray
6829921636,227182197712129307,13873043982,6293676043295806218,89,14,27,9,89,99615,659115,84796,0.787,0.448,0.655,4,web,广州,联通,企业职员,black
1947175698,581602197908219127,13368847835,6213477982427655771,77,21,3,3,29,30087,220422,9017,0.267,0.368,0.451,0,android,成都,电信,个体经营,gray
1144421064,429166197612178538,13392285907,6209996083898894744,29,6,19,13,27,40199,309359,30833,0.465,0.741,0.617,2,windows,深圳,移动,退休,black
4457159754,371247199301225627,13304114345,6225824281024922487,3788,139,1,1,14,3847,25794,2499,0.006,0.141,0.253,0,ios,广州,联通,自由职业,white
9187762585,36951320030520312X,15010207502,6216006207880484693,71,8,10,7,69,86575,500184,44668,0.653,0.573,0.571,3,web,广州,移动,务农,black
4652061770,309399196703053765,13363423083,6228618106843338130,112,39,2,5,12,23709,221562,14209,0.432,0.488,0.297,0,harmony,武汉,移动,企业职员,gray
2826840105,638103197204079097,18667047214,6259956365729708434,48,12,6,8,48,115833,217877,20673,0.785,0.694,0.519,7,windows,上海,联通,学生,black
3331190854,281748199106191358,13849267356,6297829078508427786,45,17,36,9,24,33016,742842,60493,0.792,0.673,0.869,7,windows,杭州,移动,自由职业,black
8553992036,401351199606180430,15002538949,6288887131305182820,232,41,4,2,27,34036,82229,18757,0.372,0.217,0.339,1,ios,杭州,移动,个体经营,gray
7268040704,284101199511261317,13332066851,6203140355077773017,51,27,14,5,42,82581,533738,74344,0.607,0.873,0.687,8,web,上海,电信,个体经营,black
5391858986,649669199409251098,13978440950,6258692366141065290,1524,187,1,2,11,845,7155,830,0.116,0.04,0.167,0,android,广州,联通,自由职业,white
2721613240,657475198906106074,13999240060,6272575556110632255,81,51,4,4,17,38933,135264,14611,0.286,0.238,0.518,2,ios,西安,联通,企业职员,gray
0613856877,419194196911149604,19911147592,6247074314300853714,3944,151,2,2,4,7863,37405,3088,0.198,0.149,0.263,0,android,上海,移动,学生,white
8618162006,572633198910142313,13300836186,6242388179436425991,869,147,0,1,16,8098,9264,2850,0.104,0.162,0.054,0,android,成都,电信,企业职员,white
0259304008,20297219690122265X,18663394555,6224928635384993445,1386,74,1,2,15,8871,19472,607,0.115,0.181,0.104,0,android,北京,联通,个体经营,white
4141274283,449430199810285827,13353384818,6259823092330463812,603,74,1,3,10,2754,6834,1291,0.073,0.09,0.108,0,ios,上海,移动,个体经营,white
0998409811,462980197504183250,13909355627,6218416942777306799,32,25,28,10,60,114503,362620,59800,0.379,0.616,0.724,7,windows,西安,联通,退休,black
3415655747,617275198602147456,13976156267,6224824348407578653,31,21,27,6,34,96201,491637,63980,0.354,0.863,0.486,4,web,杭州,联通,个体经营,black
2943007913,524704197611043695,18677574716,6235765430530627024,88,54,7,3,10,42902,90702,23489,0.184,0.106,0.225,2,android,北京,电信,务农,gray
4017734201,496671198207136131,13914436579,6203548056220516434,31,29,22,14,22,103619,634967,72182,0.649,0.307,0.582,3,windows,杭州,移动,企业职员,black
2489490027,438880198712052867,18653365943,6211006340552032021,24,28,9,11,58,112182,801901,30247,0.723,0.616,0.802,3,windows,杭州,移动,企业职员,black
4157872269,539998196801138468,13937019934,6295566743802707389,34,12,13,8,21,44621,554273,40455,0.562,0.419,0.425,7,windows,深圳,联通,个体经营,black
8696930851,330167199309268229,19994519409,6205217829554276329,22,27,17,13,85,38671,256820,48508,0.661,0.702,0.869,1,windows,成都,移动,自由职业,black
0385458227,320966199104233526,13866295579,6211549587003627415,70,11,33,12,30,35430,810446,54125,0.53,0.303,0.773,5,windows,成都,电信,退休,black
5038586109,277022198307213507,18631401871,6285091997427977423,334,36,7,3,23,20248,193478,18069,0.166,0.331,0.429,1,harmony,广州,联通,个体经营,gray
1026051991,538749198003200305,13362766968,6224644754673804875,603,127,1,1,4,3162,34606,3313,0.147,0.109,0.012,0,ios,北京,联通,自由职业,white
0819541517,277286196607280054,18631900880,6266520508013747720,50,60,3,3,27,11797,98193,24681,0.286,0.338,0.473,0,android,西安,联通,个体经营,gray
0360655266,512987198609091429,13958485431,6228597292792573976,1468,156,1,3,8,6314,10036,3033,0.073,0.128,0.125,0,harmony,杭州,联通,企业职员,white
8770635977,336943200106220476,13361409893,6271037905848884176,39,12,8,4,46,83165,385698,68835,0.378,0.308,0.55,4,windows,杭州,移动,自由职业,black
0630439637,344142198601122011,15072826303,6249499309989890341,22,12,19,14,30,66021,493303,21165,0.513,0.547,0.57,6,windows,成都,移动,退休,black
4303774115,200121199605176465,13300807372,6271146482633336858,3366,58,0,1,2,5378,25112,2444,0.07,0.036,0.28,0,ios,广州,移动,学生,white
2400471213,641868199010234961,13311126101,6249087078653522684,3616,50,0,2,11,5217,3566,1601,0.004,0.099,0.062,0,ios,上海,电信,学生,white
3338782206,432656198109265056,18601368411,6229802169451759895,1050,97,2,1,4,4853,16432,3804,0.035,0.014,0.258,0,android,西安,电信,学生,white
6058299888,219107199808121531,13353462316,6210286735693628868,84,14,32,13,35,67032,892711,76777,0.787,0.569,0.463,5,windows,上海,联通,退休,black
0808632127,502341198304163099,13908340633,6243174468298501954,29,8,20,8,33,82206,270694,20589,0.502,0.438,0.581,2,web,上海,联通,自由职业,black
6667413921,232397196902214631,13889586730,6256129555692590445,53,12,6,11,23,104983,255527,55364,0.557,0.598,0.797,7,windows,西安,电信,退休,black
5228498991,416459197210180680,15017919871,6284107047844142235,53,16,31,15,88,97587,352815,49387,0.72,0.7,0.895,3,windows,成都,电信,退休,black
8718042953,544519199704203637,18637818259,6267369039147330196,1167,139,0,3,10,6244,28304,310,0.14,0.233,0.142,0,ios,深圳,移动,企业职员,white
6312376004,428778199112243222,13934931426,6267585701299183725,313,53,7,6,23,9162,120781,21294,0.312,0.464,0.366,2,android,杭州,电信,个体经营,gray
8742665490,49938419850420552X,13301878025,6254157455582115458,6,16,29,8,35,119777,640551,46012,0.541,0.66,0.475,7,web,上海,移动,企业职员,black
5961204882,134040199607094354,13805083680,6211571426539947917,23,28,3,11,48,92154,367352,63757,0.399,0.616,0.851,6,web,西安,电信,务农,black
2752821162,580555199509241747,15001848967,6214031942784609825,348,23,4,3,16,37448,215282,10805,0.26,0.204,0.43,2,android,西安,联通,务农,gray
1918923319,258904200002148013,13997053821,6264056408519277336,38,10,8,7,20,66005,785612,52139,0.496,0.79,0.75,7,web,成都,电信,务农,black
5427494092,330208197711053609,13322354295,6252145153880704228,5,15,12,5,30,33480,694998,75384,0.596,0.812,0.521,4,web,杭州,联通,退休,black
7376313080,366799199112258440,18634014277,6222276438346009764,3177,33,0,3,16,7007,22881,1610,0.023,0.199,0.077,0,harmony,深圳,联通,务农,white
0858632330,535469200308080013,19942484651,6203984557239876593,503,67,2,1,5,2286,33081,831,0.082,0.102,0.255,0,ios,杭州,联通,务农,white
8416943673,614754199110247180,19940035362,6287120195207250760,38,30,5,12,70,112250,591470,58092,0.589,0.817,0.547,5,windows,广州,移动,退休,black
4551323405,225098199410191255,13811413164,6263178234958495005,773,120,0,1,14,3303,5251,700,0.196,0.025,0.02,0,ios,成都,联通,学生,white
1171999613,126595199304046737,13981652336,6274137225788615501,238,57,8,6,25,43779,243557,21713,0.406,0.376,0.545,2,harmony,成都,联通,企业职员,gray
8989143890,343894197112143355,18649317797,6273879518507195299,157,55,8,4,25,13608,202568,11711,0.282,0.467,0.419,1,harmony,杭州,移动,学生,gray
1491599513,650644198906049399,15031578040,6220179622109892958,356,50,5,3,11,9640,249695,17047,0.339,0.135,0.212,2,ios,西安,移动,务农,gray
8122206128,51081519850515858X,13804915975,6292431182261249022,67,28,9,5,50,38671,528676,30054,0.578,0.565,0.583,6,web,广州,移动,务农,black
3662375209,18336519790316496X,18676845298,6272527397287700675,65,23,32,12,29,70275,493577,83214,0.625,0.678,0.681,6,windows,武汉,电信,学生,black
5905472922,56368719790911547X,13848563465,6260457357896744952,362,20,1,5,27,29794,215701,14145,0.212,0.204,0.44,1,harmony,武汉,联通,务农,gray
1651902111,444438197512159433,15026325559,6220112219543796798,51,17,31,14,53,110807,354883,89283,0.417,0.663,0.829,4,windows,上海,联通,企业职员,black
6799956895,245334198207105059,19996401276,6289984018045327897,88,22,18,4,46,61563,495159,68541,0.421,0.502,0.599,5,web,深圳,电信,自由职业,black
3197420821,161331198208063023,19976489951,6241127023153819859,2378,124,0,3,16,7474,23511,2938,0.088,0.22,0.028,0,harmony,上海,电信,自由职业,white
7029963517,434089197601103046,13943693307,6216220000664480798,24,21,6,13,21,73382,212099,87187,0.634,0.335,0.722,1,web,武汉,联通,学生,black
7041159078,339435196811043191,13940311346,6234771624258582067,3019,170,0,1,6,4408,11029,3923,0.027,0.015,0.112,0,ios,上海,联通,退休,white
9913611964,410864199808120282,13386369666,6293199534558138245,1656,79,0,3,17,5338,22955,1193,0.066,0.159,0.104,0,harmony,广州,移动,退休,white
7185355134,626804197702287471,18644981661,6260664913247619882,2470,72,2,2,17,6095,33126,963,0.025,0.076,0.094,0,harmony,成都,移动,自由职业,white
4913655884,156597197609251646,18634607237,6220078290137560832,1295,183,0,3,15,1830,4071,899,0.187,0.249,0.187,0,harmony,北京,电信,务农,white
2507638587,411135197206198511,13971919575,6221991350657536827,50,24,31,7,50,49671,802713,53854,0.624,0.571,0.703,3,windows,西安,移动,自由职业,black
5311952332,132205199707052415,13303612189,6284610018026300813,1499,45,0,3,18,3767,26743,2882,0.106,0.09,0.172,0,harmony,上海,移动,学生,white
2147379642,285389197503268980,13358717135,6283127424684887893,3777,168,0,3,8,5530,31025,2221,0.171,0.133,0.055,0,ios,成都,移动,退休,white
2591032741,433939199610013646,15061715891,6286015549142207015,111,10,5,6,27,35469,152117,22558,0.317,0.312,0.478,0,harmony,成都,联通,退休,gray
1821231447,388755197404104104,19913734485,6275031876474853506,47,28,23,7,26,76714,666183,60450,0.745,0.566,0.864,8,windows,深圳,移动,自由职业,black
6815339101,335210197003060395,15085338026,6249116401877619927,38,18,30,11,36,106555,590697,46215,0.776,0.862,0.77,7,windows,北京,移动,退休,black
3887655043,287783197110198366,15041002824,6273985829318741563,64,7,3,7,67,102124,715819,35548,0.732,0.461,0.457,4,windows,西安,电信,务农,black
9929561851,581444196907154721,13925136758,6247794116594093468,49,21,21,5,88,39201,395723,37819,0.773,0.613,0.514,6,web,武汉,电信,务农,black
4337138814,190758199312093445,15055184331,6278555023545426056,879,31,1,2,11,8724,29853,2798,0.111,0.12,0.108,0,android,深圳,联通,自由职业,white
8348762817,132107198410086770,13921841609,6290383709675416057,42,21,27,6,86,39371,576979,34392,0.364,0.311,0.555,4,web,广州,移动,自由职业,black
3055673046,478583197201122099,13987840880,6259263191668821176,57,13,23,8,77,59269,374621,78847,0.574,0.594,0.627,5,windows,北京,联通,个体经营,black
6582537988,236982199807253294,15001623236,6266747151883774498,1231,114,1,1,3,945,21480,983,0.144,0.16,0.291,0,harmony,西安,联通,学生,white
5277216522,540706197506128363,15044094628,6253326809667162525,76,28,24,7,25,97362,661736,69167,0.752,0.422,0.807,2,windows,上海,电信,自由职业,black
3171216833,559182198509208206,15003150957,6274073786937376887,13,21,26,6,20,65772,501335,87136,0.694,0.732,0.621,2,windows,武汉,移动,退休,black
8851230515,488343198505235241,13835595573,6247232462398506342,37,13,33,15,73,61608,864465,37047,0.412,0.445,0.686,4,web,西安,联通,务农,black
4257261472,357529199506098940,13922345852,6201172824904134349,32,6,28,15,31,106599,303148,54647,0.731,0.526,0.89,7,web,武汉,联通,学生,black
4282461528,206562197111068567,13343784028,6256977108613136377,154,27,2,2,13,12656,125392,9534,0.257,0.499,0.492,2,harmony,武汉,移动,企业职员,gray
4116801483,482648199201020661,18683545179,6217684055086426144,325,37,1,2,28,28711,165491,11035,0.186,0.378,0.284,1,ios,广州,联通,自由职业,gray
6182723246,497036198202240061,13912880382,6269304963300597794,59,53,4,3,28,37378,150063,6754,0.34,0.428,0.542,0,android,深圳,联通,务农,gray
3904872975,451829196808076228,19919120922,6257172332196192822,39,9,36,10,78,53994,223035,45735,0.632,0.837,0.657,8,windows,杭州,联通,企业职员,black
9899383769,188289196510045656,18649584712,6291436686260033868,3229,184,1,3,11,4665,33438,3654,0.171,0.096,0.288,0,ios,深圳,移动,企业职员,white
3871917106,488679196903272753,19998515819,6212716220579049807,139,46,1,2,15,32018,159386,11135,0.354,0.252,0.182,0,android,武汉,移动,务农,gray
6760546622,452680199608198853,18690893153,6295698356021141818,1064,85,0,1,8,8947,24531,2215,0.122,0.24,0.075,0,ios,武汉,电信,退休,white
1010039426,648956198010217208,13377406068,6205007112308340106,52,15,38,10,57,119346,440062,46962,0.448,0.848,0.639,7,windows,深圳,联通,学生,black
6511156183,17107219870403585X,13874466807,6209694605122271762,172,35,2,2,8,15988,108270,12488,0.339,0.135,0.24,2,android,广州,联通,学生,gray
1903271839,612347200009011946,15045381379,6231249008352633758,33,21,36,15,80,116303,509966,48826,0.706,0.324,0.555,5,windows,杭州,联通,企业职员,black
9806322020,210982199610156553,15087364157,6221126399237279312,2516,52,0,1,2,8489,6811,872,0.19,0.223,0.148,0,android,西安,联通,自由职业,white
0677629588,20346219930112768X,18608187491,6265607144031407969,81,19,15,8,45,119523,310513,51927,0.601,0.528,0.652,8,windows,成都,电信,个体经营,black
2416276777,502881198511150569,13964334274,6213885343063179125,76,27,30,10,85,68509,338765,22076,0.774,0.43,0.698,7,web,上海,移动,退休,black
5780902218,604911198712180590,15080062886,6200998528089179506,206,59,2,3,15,16029,102817,19385,0.236,0.455,0.284,1,harmony,深圳,联通,退休,gray
2899471007,422626199803045445,19922385090,6230420636011901130,27,24,32,11,52,85362,577784,88059,0.716,0.86,0.829,4,windows,武汉,联通,企业职员,black
5945510580,296583199207091839,13332433101,6273688294584472064,4000,45,0,2,12,2328,29274,1235,0.105,0.236,0.297,0,ios,上海,移动,学生,white
9621402737,306142199212052897,13951623828,6234951711275694194,105,18,5,3,18,10089,129507,9646,0.176,0.469,0.352,2,ios,杭州,电信,学生,gray
1971404261,460377198911025463,15025647349,6279892111630359274,190,16,4,2,18,43445,91840,13205,0.187,0.274,0.293,0,harmony,深圳,电信,务农,gray
3745212307,465990199604055555,19945252847,6284173444579978616,90,51,3,3,23,39532,184109,15671,0.31,0.254,0.284,1,ios,成都,移动,务农,gray
0250884437,431094200301266725,13934962648,6231797858117721741,38,6,3,12,25,53453,659395,54213,0.371,0.368,0.466,5,web,武汉,联通,退休,black
8624208902,201597198108251448,15053151976,6275270826381015778,34,50,2,5,28,16706,242148,6664,0.385,0.485,0.346,0,ios,西安,电信,学生,gray
5715026130,480558197912046279,18698735108,6208453018166373465,295,28,5,5,20,30215,123211,9563,0.277,0.415,0.24,1,android,广州,电信,学生,gray
0081451884,126471198702017711,18685535878,6261460691735672727,3135,121,0,1,17,6520,4065,3019,0.025,0.249,0.236,0,android,成都,移动,企业职员,white
9464023395,232003199106096995,13946556349,6299230839768122465,90,14,12,12,37,55855,260812,50682,0.744,0.347,0.784,5,windows,上海,联通,退休,black
8888797485,553436199012192710,13998097446,6258735035186117817,639,50,2,1,7,2598,11964,2680,0.057,0.057,0.092,0,ios,武汉,电信,个体经营,white
3238278836,422155199110201135,18685878869,6203226719263326851,844,138,2,2,4,2654,6759,2958,0.067,0.014,0.04,0,ios,上海,联通,退休,white
7896386444,452145197605077952,15001780476,6224023060667440087,343,44,2,2,27,32738,186930,12674,0.29,0.435,0.162,2,ios,深圳,移动,学生,gray
4576630523,601461196502052480,18655946323,6274210300197397212,1478,198,1,2,5,8670,8869,1919,0.084,0.068,0.254,0,android,广州,联通,务农,white
7019550107,441787197510227027,13331333446,6205324314136457232,24,19,26,13,70,62313,650212,35553,0.413,0.61,0.411,8,windows,上海,电信,务农,black
4461862990,245925198810034274,19994099211,6201219910494065066,20,9,23,9,60,98152,689955,65703,0.505,0.574,0.838,3,windows,北京,联通,学生,black
4648191493,371234199505262936,13822915847,6237918523560781753,82,30,3,4,12,25867,133523,11700,0.394,0.49,0.156,0,harmony,西安,联通,自由职业,gray
2282304584,599490198305113780,18611921845,6260768793800119647,25,20,9,6,21,101412,409534,68490,0.418,0.549,0.731,6,windows,北京,移动,个体经营,black
1771610017,235888196811275668,19911298404,6226208867388763250,68,8,9,9,26,108951,647461,76911,0.73,0.813,0.832,8,web,上海,联通,务农,black
4477174687,269513196703089791,15097634140,6276021975620447233,5,9,16,11,87,54820,239089,35075,0.362,0.522,0.812,3,windows,北京,电信,个体经营,black
2804023121,327989198408122979,13806728815,6295885076198695844,871,165,0,2,9,7817,24774,2763,0.07,0.207,0.14,0,ios,武汉,联通,企业职员,white
8528296993,390848199307035724,18637185581,6271119525669288741,15,6,13,9,50,49815,297763,79396,0.557,0.721,0.548,8,windows,深圳,移动,学生,black
9597983759,583404200302056299,13966710415,6269070772831160399,2987,158,2,1,6,7942,37804,991,0.135,0.156,0.064,0,ios,深圳,移动,企业职员,white
4467072076,463159199407173215,13379923906,6273567982197006070,2812,77,0,1,18,2547,14052,2783,0.075,0.101,0.133,0,ios,深圳,联通,企业职员,white
6275801401,546873199401216327,13347613607,6213490554128829755,62,17,5,9,85,70391,644688,38218,0.566,0.632,0.89,3,windows,深圳,联通,务农,black
1541559721,146755199110151866,13371814312,6234911491116000882,3331,166,1,2,6,2356,29640,2813,0.111,0.141,0.227,0,ios,广州,联通,企业职员,white
2952895215,607173196906064183,13995771732,6295345253645369317,36,25,18,11,29,99729,372277,62252,0.651,0.833,0.724,8,windows,杭州,移动,个体经营,black
7219203849,603681200101163613,18630333034,6255958425983205633,32,17,32,12,67,78471,383424,85101,0.533,0.715,0.455,7,web,北京,移动,学生,black
4527619249,313873198912244671,19978597736,6202352423291100391,355,31,1,5,9,30086,133238,18725,0.251,0.457,0.459,0,harmony,广州,电信,企业职员,gray
1664610838,559437198608149895,13353728008,6291921387189521060,2987,39,1,1,11,7913,4624,1767,0.146,0.244,0.068,0,ios,上海,电信,退休,white
0815663407,145722197507250038,18698157738,6255098541744671216,24,7,15,11,84,111968,606606,46385,0.372,0.471,0.847,2,web,广州,移动,个体经营,black
1155450729,311136199803033754,15013164184,6266766758719425227,46,16,40,15,45,36037,231430,72057,0.417,0.399,0.852,3,windows,广州,联通,务农,black
2937345865,341262199909078001,18692278938,6260383658607954504,41,15,28,5,32,59204,879057,62276,0.526,0.811,0.658,3,web,成都,联通,务农,black
4572460061,459461196812064448,13995169744,6246497690700141254,358,16,5,6,18,14460,201788,19450,0.421,0.232,0.262,2,android,上海,联通,学生,gray
9479722659,266780197701076911,18681654904,6266931776056203259,56,6,23,9,30,71859,623473,77977,0.561,0.598,0.57,1,web,北京,联通,学生,black
3523056058,631180199010125305,13803627283,6215261712986873089,88,17,3,4,34,40149,591753,30219,0.673,0.319,0.813,2,windows,武汉,移动,退休,black
6947644834,234827198206145573,15031754000,6245968091519281408,1761,184,1,3,14,3764,36809,1992,0.08,0.012,0.278,0,ios,西安,移动,企业职员,white
1318795745,39821620001202524X,15014330616,6258518899449022240,1086,177,0,3,18,3699,23823,2485,0.185,0.229,0.177,0,harmony,深圳,电信,个体经营,white
3566587914,377001197801166122,13343138376,6210682911446350346,7,16,20,8,78,108460,625908,34268,0.52,0.684,0.697,5,windows,成都,联通,企业职员,black
4616398262,203383196510114386,13848569935,6204076271796739123,2352,179,0,2,18,7058,18485,3231,0.092,0.035,0.044,0,ios,成都,移动,自由职业,white
3308354092,636489198210012621,13853899348,6233735257067631083,3567,119,0,2,13,7021,12928,1488,0.168,0.033,0.251,0,android,广州,移动,自由职业,white
1685870183,625426199612035004,13376029822,6242439063647471329,114,30,4,3,30,44375,225494,20157,0.223,0.419,0.248,0,ios,武汉,联通,个体经营,gray
8985086803,64625719880325879X,15077591792,6221465410043283820,350,55,3,2,18,21759,223936,12364,0.405,0.266,0.462,0,ios,武汉,电信,务农,gray
8013787841,364325198005081612,15076668889,6205674621148375600,3,22,27,9,35,115556,442266,80877,0.436,0.751,0.633,5,windows,杭州,电信,学生,black
7342102586,365239197307267813,15073726209,6210068078388290849,1923,60,1,1,14,2085,23704,3198,0.156,0.085,0.111,0,android,成都,联通,企业职员,white
9076367879,162175199809012004,13927549912,6278934998015531748,103,41,6,6,8,27757,142538,24168,0.269,0.409,0.415,0,harmony,西安,电信,学生,gray
5682946489,427777199803023640,13988310425,6235801655565521678,242,24,3,2,11,25423,215048,10953,0.405,0.454,0.214,0,ios,广州,联通,退休,gray
4073158793,598726198010220398,15043989769,6256985236603318596,27,29,25,4,71,46086,630466,62394,0.552,0.627,0.51,1,web,深圳,联通,学生,black
3766826776,113240198112072812,18663735560,6227351309304357065,87,27,12,5,32,40531,309582,36039,0.427,0.324,0.741,4,web,杭州,联通,自由职业,black
8599405652,324554197803216530,13385711170,6228889545248148246,1481,190,0,3,18,2629,14586,3941,0.119,0.155,0.189,0,ios,杭州,联通,务农,white
3755483572,476546200212035512,18681738391,6235851831942546953,9,30,30,11,43,52503,689145,46181,0.49,0.552,0.797,5,windows,成都,联通,企业职员,black
9137133644,489034196603104455,13816402856,6259886324109036114,17,16,22,6,87,115277,680098,28271,0.679,0.541,0.751,1,web,北京,联通,务农,black
1970236960,449344197511121881,18620617592,6258382412794571888,104,41,6,4,19,29906,109568,18009,0.441,0.136,0.337,0,ios,武汉,电信,学生,gray
3207761676,603896196712078704,13928125367,6251357616426382528,67,27,8,6,15,12007,195288,11672,0.257,0.268,0.201,1,ios,深圳,移动,学生,gray
4506154671,354708198801199045,13346147774,6230176952146903442,277,52,3,2,16,27342,105830,21264,0.432,0.257,0.513,0,harmony,成都,联通,个体经营,gray
9395705096,149326200205181973,13856098762,6208681455395203510,3459,156,0,1,8,1994,29868,1826,0.092,0.008,0.233,0,android,上海,联通,退休,white
2123578156,207298199202244283,15023000351,6222143693764390555,1316,128,1,1,12,4399,30832,630,0.181,0.056,0.123,0,android,杭州,电信,企业职员,white
6545841422,207891199309198580,19956424225,6293211894338183494,321,53,1,2,24,38356,203595,15750,0.388,0.183,0.546,1,harmony,北京,电信,务农,gray
4453131506,180556199909070276,15013506936,6294554678597903467,64,24,3,9,47,61998,770591,85328,0.557,0.861,0.81,1,windows,西安,电信,自由职业,black
4372678711,241206197610267538,13828858261,6275853759587912531,1117,60,0,3,18,3886,17003,3135,0.051,0.109,0.137,0,android,北京,联通,退休,white
9819631056,216893198002205816,18621483194,6280238185581943673,155,31,1,2,21,43966,90070,20524,0.427,0.22,0.501,0,harmony,武汉,电信,自由职业,gray
6617144404,225582199207056986,13851341318,6208853290638244838,190,30,7,5,11,29937,245227,22065,0.219,0.304,0.451,0,harmony,武汉,电信,务农,gray
4531221728,63192619710316549X,13377262482,6294309949908813400,74,20,10,15,79,68405,695276,43905,0.505,0.843,0.623,3,web,广州,联通,务农,black
2622747554,273584200405094856,19910669318,6220554081393056969,1,26,13,8,47,73004,350805,47294,0.683,0.857,0.823,8,windows,武汉,电信,个体经营,black
2090339729,331631197910025157,13875447377,6251584759827492899,63,21,37,10,34,39936,437346,55158,0.513,0.444,0.58,5,web,武汉,联通,务农,black
0642916041,18670019910910897X,13995132440,6223226603903853286,83,21,12,10,73,82231,697605,75420,0.493,0.424,0.761,3,windows,深圳,移动,学生,black
2729811437,112913199806154726,19971441852,6255454254580675106,157,12,1,3,23,23072,85060,12911,0.292,0.212,0.55,2,harmony,杭州,移动,个体经营,gray
3334146334,284501197601173568,13339906152,6208863061509571160,1027,130,0,1,17,4526,29110,3807,0.075,0.068,0.284,0,android,北京,联通,企业职员,white
9913242856,343312198911273065,15076519376,6298719550003334983,175,27,2,5,28,19715,197951,7728,0.385,0.446,0.516,1,android,成都,联通,企业职员,gray
0360213004,537129199803110143,19997881893,6222553398616991138,74,14,34,6,44,64780,497111,31707,0.651,0.41,0.855,5,web,武汉,移动,企业职员,black
1787394298,506461199208030818,18661432816,6209323362358743888,2535,176,0,3,2,4829,24117,1617,0.186,0.209,0.133,0,ios,杭州,移动,学生,white
4928425474,51926019891223425X,18656154916,6215832803138113821,295,16,1,4,11,38229,199340,7201,0.383,0.206,0.448,2,android,成都,电信,个体经营,gray
7460084916,440931199004086365,18695724146,6210502507002935973,3689,172,2,1,10,8666,32760,2545,0.121,0.156,0.103,0,android,杭州,电信,务农,white
1041874847,470767199004086123,18682030140,6207155209047564176,49,13,13,10,55,36076,486539,81112,0.579,0.492,0.414,1,web,广州,联通,退休,black
8741026196,181417199710085434,13826238448,6277251697651714218,227,17,4,5,10,21259,148719,10493,0.444,0.409,0.345,2,ios,北京,电信,个体经营,gray
0774626655,472618197303099871,19926185329,6216171024229923897,79,18,19,11,78,61733,262867,55178,0.603,0.868,0.874,5,web,北京,电信,退休,black
4078134429,411827199310032982,13947772311,6241287285403071390,112,40,8,4,16,39859,206072,20948,0.258,0.285,0.291,2,android,成都,电信,自由职业,gray
2675816679,327760197901093565,13822565418,6254706650100407103,340,48,2,2,17,8637,182807,20054,0.274,0.192,0.349,1,harmony,成都,联通,退休,gray
6019607735,15638719891125300X,13858010090,6272843872670053463,36,23,5,11,40,38809,712172,84290,0.51,0.742,0.799,4,web,西安,电信,企业职员,black
6294699463,633064200304010070,13923434759,6269621941684765173,46,29,19,12,60,98239,483029,61193,0.727,0.469,0.881,3,windows,北京,移动,个体经营,black
1198836181,424594197603158183,18643882337,6247243430801347810,23,9,27,4,68,54120,777104,70755,0.594,0.503,0.541,6,windows,成都,电信,退休,black
1282881770,122247197309288885,13334228985,6218902108739180806,42,18,5,10,72,69051,809858,82437,0.561,0.814,0.441,1,web,成都,联通,学生,black
0303045832,20609319911001538X,13855965650,6259941803559132734,205,29,4,4,17,11606,150021,23710,0.289,0.405,0.454,2,harmony,广州,移动,务农,gray
3666912691,33244020030907623X,13847978676,6234784090689027884,34,5,19,13,30,34335,223653,23978,0.53,0.331,0.537,2,web,上海,移动,学生,black
2422877711,566703200410234986,13963216426,6230066088119854129,2672,33,0,3,10,2036,38880,2166,0.135,0.248,0.008,0,ios,武汉,联通,务农,white
0348602614,204894199007180689,18675160805,6229322654010552167,34,11,28,6,23,119978,439544,88529,0.776,0.835,0.402,5,web,武汉,移动,务农,black
8545938405,202252199607014166,13940680012,6267701712241338662,1694,47,0,3,5,1761,23882,1975,0.105,0.141,0.078,0,harmony,深圳,联通,自由职业,white
7052535286,178249197405138172,13803516549,6265038166121358500,76,30,7,5,24,11039,200177,23729,0.175,0.349,0.21,2,android,杭州,移动,务农,gray
1926033676,123583198504287987,15015176470,6297500229177778455,67,9,15,10,33,85790,321518,74699,0.766,0.331,0.673,5,web,广州,联通,自由职业,black
2138573284,619401199601148133,19948196158,6249879986468239183,143,31,4,4,17,27467,175817,13850,0.328,0.255,0.525,1,ios,上海,联通,企业职员,gray
7551942050,470412198807283026,15056881804,6264703178490970333,32,8,38,10,82,98389,472167,23249,0.361,0.456,0.814,8,windows,成都,移动,企业职员,black
2537235030,416786197203199538,13826532675,6228660752125284349,37,26,17,11,23,37789,512744,27159,0.505,0.665,0.739,7,windows,深圳,电信,个体经营,black
3595231587,12825319941010401X,19948072611,6211892591899145138,35,20,7,9,65,61723,612081,71276,0.78,0.364,0.781,8,web,北京,联通,个体经营,black
4077956267,293732197708182848,19965257132,6221220154470152317,749,86,1,1,11,6349,26955,711,0.007,0.214,0.035,0,ios,武汉,联通,自由职业,white
3833244145,649939199807286044,13988983105,6272226602526400121,7,7,31,7,37,56650,354764,58444,0.674,0.503,0.498,1,windows,武汉,联通,务农,black
9499481584,311911196703234224,13853426917,6229843638763942440,3508,84,2,1,5,1399,26578,1653,0.073,0.007,0.126,0,ios,北京,电信,个体经营,white
3349044701,164673197807046224,15036764140,6201574935349936630,8,11,17,12,32,45279,505639,58574,0.762,0.591,0.473,1,windows,北京,联通,自由职业,black
1870922575,582970198601164405,15065198113,6267882030645820908,2837,117,0,2,7,4916,16587,521,0.176,0.112,0.257,0,ios,武汉,联通,学生,white
2716416327,656020198008126775,18631744153,6228852907466542512,24,7,32,10,68,62527,719219,53900,0.753,0.753,0.654,3,windows,成都,联通,学生,black
8036764607,610459199510209182,18645423975,6255336453350516630,600,154,1,2,13,3973,26506,3543,0.089,0.104,0.268,0,ios,武汉,联通,退休,white
1969902723,175461200009020174,15020087864,6279761933759226472,3147,37,1,2,10,3339,17733,2124,0.044,0.005,0.145,0,ios,上海,联通,退休,white
2929979130,598055198812248035,19960987265,6223378273493647027,79,21,24,10,52,74460,569062,63193,0.725,0.313,0.759,6,windows,杭州,移动,学生,black
8772270141,30220919740318391X,18668200214,6263399641067046548,36,21,33,7,25,55410,444950,61254,0.506,0.687,0.633,8,web,西安,电信,务农,black
8406325686,23959919690910413X,13838609817,6266644992124827483,70,9,23,13,37,89955,373554,47382,0.394,0.629,0.737,6,windows,深圳,联通,自由职业,black
5007939166,344512196803117711,13338694767,6284371638071901365,28,20,33,5,88,70337,442904,60884,0.65,0.41,0.42,8,windows,上海,联通,个体经营,black
0320317475,117865200201135213,13984734254,6296257468134871121,288,20,5,4,24,32535,189592,22257,0.301,0.177,0.469,2,harmony,广州,联通,务农,gray
7318494745,651304199204078822,19959173461,6284081989924846459,35,27,9,4,40,114296,569885,42902,0.372,0.868,0.707,5,web,广州,联通,退休,black
9502608558,41062719940623672X,15061750677,6296751662044242105,1814,50,2,2,13,8235,17018,2064,0.189,0.013,0.042,0,harmony,成都,联通,企业职员,white
5858285975,619167198207107155,13825386982,6246859427905111422,262,52,6,6,16,33361,119329,6853,0.437,0.235,0.498,1,ios,杭州,电信,个体经营,gray
5359354367,173357197504107424,13833077259,6230346876292219208,219,24,8,2,10,39734,242991,12795,0.239,0.268,0.263,1,ios,成都,联通,务农,gray
1567896731,604847197508194513,13382957284,6211608357349515219,264,34,8,4,23,18334,100345,11699,0.19,0.487,0.45,1,android,广州,电信,学生,gray
5671073029,157801200410123338,13335234452,6251618445917033815,87,7,23,9,89,42786,397609,81912,0.623,0.752,0.504,6,web,武汉,联通,自由职业,black
8166294616,173734197706018701,19966006311,6290667634997540452,28,5,30,5,48,118465,434871,80291,0.427,0.307,0.446,8,windows,杭州,电信,学生,black
9750377047,183939200201261396,13306647641,6299659676077789197,652,85,0,2,17,5987,29591,2694,0.168,0.233,0.116,0,android,上海,联通,个体经营,white
3947930739,586614200111124812,13335886242,6269876599768598712,226,20,7,6,21,20124,190763,6320,0.403,0.37,0.23,0,ios,上海,电信,企业职员,gray
1551590274,159812196906084927,13938057672,6283695263374596678,188,19,8,2,28,37420,130447,12163,0.169,0.318,0.546,2,android,深圳,联通,自由职业,gray
1538596193,141335197106077538,13847396817,6253344930729488064,36,11,23,6,90,100952,704485,60238,0.721,0.552,0.785,6,web,成都,联通,个体经营,black
5324504945,174248198205104461,13905537446,6227362734219446249,2557,107,2,2,17,7821,5132,3537,0.179,0.163,0.111,0,harmony,杭州,移动,企业职员,white
8398704836,322614196804256243,13351272921,6255938746145361463,140,27,4,4,23,39396,246468,19988,0.183,0.244,0.307,1,ios,武汉,移动,务农,gray
8902361504,488458196712193353,15023104904,6246155302052752294,17,26,12,7,64,32923,296913,28135,0.449,0.649,0.765,8,windows,西安,电信,个体经营,black
8773328552,410986197002076103,19907477714,6206491529917076779,68,19,8,7,62,117738,356523,77945,0.506,0.543,0.402,6,web,广州,电信,企业职员,black
7313392924,239817199908012220,18681939467,6241653436101483274,66,10,40,14,42,117889,733986,37954,0.677,0.353,0.691,4,windows,深圳,移动,企业职员,black
7170884854,633339197406032449,13959610217,6214755086593492058,119,59,3,3,14,35114,132247,13252,0.162,0.375,0.223,0,ios,西安,移动,企业职员,gray
5447899343,150475199612052626,18609720073,6231662096917956413,44,20,6,4,22,41969,242177,22835,0.437,0.184,0.23,0,ios,深圳,移动,企业职员,gray
1752475421,572935198709095144,13930189968,6213856897177429474,193,24,2,2,12,23198,110994,21471,0.308,0.149,0.547,2,harmony,上海,联通,学生,gray
7309344549,275844199512256541,19939570014,6249911350042327372,1,29,40,9,89,98018,562541,21989,0.563,0.445,0.494,2,windows,北京,联通,个体经营,black
4393539062,377397200009257899,15011608926,6282706929133178204,2312,34,0,2,8,1440,28125,1812,0.162,0.121,0.209,0,android,武汉,电信,学生,white
5749257666,558211197104113880,15023005484,6292772803389672646,1372,122,1,1,2,5041,36931,3469,0.144,0.191,0.104,0,android,西安,联通,企业职员,white
8467483654,600907196707198659,13304652974,6282729596088774518,42,28,8,10,86,57367,675264,47747,0.608,0.681,0.546,2,web,上海,移动,企业职员,black
3791000092,295602198410033966,19904150796,6278693733636202367,2836,158,2,1,18,4894,30612,1677,0.026,0.049,0.027,0,ios,西安,电信,务农,white
4389605519,192964197201167383,19991712061,6242957444659894538,61,24,22,8,88,83083,211537,23719,0.784,0.876,0.563,5,web,广州,电信,学生,black
4642997653,592191200006245610,15079872545,6238531399907068359,49,29,34,8,77,97892,382396,53384,0.638,0.363,0.75,2,web,杭州,联通,个体经营,black
2828724221,436917198307041822,19969162403,6212727763633294895,59,9,9,14,66,53796,292808,23051,0.508,0.434,0.639,2,windows,武汉,移动,自由职业,black
3560508146,361635198001020234,18603300022,6240317238608674883,61,14,2,2,14,11624,141807,22325,0.311,0.175,0.16,1,harmony,北京,移动,务农,gray
2158466090,481786197310259933,18643954237,6272795213218520797,55,18,33,13,55,69310,636217,75991,0.384,0.56,0.55,6,windows,上海,电信,自由职业,black
7555495450,381855198306078449,19917532829,6265168569433051323,3868,30,2,2,5,6130,38897,2566,0.192,0.157,0.006,0,android,武汉,移动,退休,white
9574477355,515637197501085686,15037501929,6294286436802379467,116,30,2,2,25,41064,242816,7724,0.173,0.218,0.328,1,android,上海,联通,退休,gray
9804738737,285479197302043383,19955930784,6217726897977070953,7,25,21,14,51,67401,203230,32864,0.451,0.364,0.558,1,web,武汉,电信,企业职员,black
9984071247,329881199105148305,13895736343,6206889871497186235,45,21,24,10,40,94120,456665,76563,0.41,0.414,0.503,2,windows,北京,联通,务农,black
2247176326,340963197309261016,13379868486,6289080231591826202,90,21,27,5,67,69671,828437,27348,0.36,0.508,0.706,8,web,上海,电信,企业职员,black
1018951393,228597198808044904,18613106518,6220134623527019476,2989,80,0,1,4,7497,19994,710,0.072,0.175,0.023,0,android,西安,移动,退休,white
7902976551,334046196803035737,13860731786,6298826319140934954,67,16,27,4,31,78243,759729,79204,0.554,0.841,0.563,8,web,上海,移动,企业职员,black
9118050030,652154197812178600,13392929267,6202114704305424399,57,21,28,7,62,51049,546803,70913,0.481,0.888,0.563,4,web,深圳,电信,企业职员,black
4782184592,482646197607138052,13361052062,6245685867816524919,11,19,8,5,81,117727,209488,33528,0.379,0.753,0.629,3,web,成都,联通,个体经营,black
8466584436,40793619781116619X,19999472951,6229067157905756397,2875,144,2,1,3,6187,9430,329,0.156,0.009,0.259,0,harmony,西安,电信,退休,white
0673919004,436261197307219806,13976011887,6286211763739839270,2280,57,1,1,10,7396,30979,2052,0.118,0.045,0.2,0,ios,西安,联通,企业职员,white
0279550517,322127197511236904,13844050968,6289026427574652666,438,182,1,2,17,832,3058,312,0.105,0.101,0.191,0,harmony,杭州,联通,务农,white
5306055674,536730199706115452,18668684167,6211930874221666651,32,15,4,4,86,63323,468168,41159,0.594,0.38,0.696,2,windows,广州,联通,务农,black
2552396121,453541200110022996,19924964658,6250910824824141084,68,22,27,8,55,52687,668214,67647,0.514,0.823,0.486,3,web,深圳,电信,学生,black
5768679067,297567200410224021,13930660438,6275703592703342769,18,30,38,12,44,65614,864288,46904,0.419,0.612,0.402,5,windows,广州,移动,务农,black
1928416331,144218197208208648,13856667475,6298345825629715846,44,5,6,14,21,30560,328657,65540,0.767,0.596,0.826,3,web,西安,电信,学生,black
9035878641,237638197205045674,18643749158,6224547214981666874,1327,186,0,3,17,8500,23506,2176,0.177,0.092,0.093,0,ios,武汉,移动,企业职员,white
9475210530,491787199912262479,13372525515,6265489385002183822,40,7,21,11,24,62540,413328,55340,0.46,0.646,0.403,2,windows,广州,电信,退休,black
9239602194,465752198603162567,13860979660,6266816699187820872,56,6,29,9,23,69980,323007,27745,0.479,0.362,0.68,8,windows,杭州,移动,学生,black
8186804525,494013197804228139,18603607582,6244259988864252277,680,142,0,2,13,2186,25796,1651,0.02,0.184,0.133,0,harmony,深圳,电信,务农,white
2586308367,230545197206261664,13305065020,6281913533965737737,21,6,33,10,84,49319,337409,68296,0.547,0.551,0.645,1,web,北京,移动,自由职业,black
5655646357,274519199207270459,13925237321,6213058155356643338,42,20,31,12,75,46329,705918,35472,0.514,0.378,0.508,3,web,上海,移动,退休,black
8693245024,349017197409129028,13312634079,6273139189931970424,3377,161,1,3,3,4831,29490,334,0.002,0.02,0.015,0,android,杭州,电信,务农,white
8789291894,643748200111247675,13875859882,6294508262186945057,195,23,7,3,21,15163,95721,9185,0.199,0.43,0.355,1,android,杭州,移动,自由职业,gray
5245263557,132337196608208361,15003650070,6226638564796401829,15,18,4,6,63,53903,648850,21970,0.583,0.79,0.633,1,web,北京,联通,企业职员,black
4756568368,311492197402102548,19908469709,6218120151792065833,1998,171,2,3,5,1086,12786,2594,0.079,0.106,0.178,0,android,北京,联通,企业职员,white
2900620263,454913199509289866,13881606434,6283276777009123224,3484,74,0,1,7,8064,6140,1221,0.107,0.136,0.209,0,ios,广州,联通,务农,white
8254378221,245746199412165676,15017010962,6242777243818601197,353,55,6,4,12,30392,179973,16815,0.407,0.473,0.5,0,ios,广州,电信,自由职业,gray
5360111372,645869197207248761,13322427906,6239776668334078364,81,20,11,4,36,34100,275586,84397,0.707,0.616,0.739,8,windows,西安,联通,企业职员,black
2603684271,505350197505029113,18616523116,6208672804689455275,3092,48,0,3,3,6914,37918,1310,0.047,0.242,0.044,0,android,武汉,电信,自由职业,white
4106654211,269870200005048775,18624574738,6252953830652808299,708,139,2,2,17,4820,5261,2909,0.177,0.168,0.151,0,android,杭州,电信,自由职业,white
1561731137,511686197203272345,13976496140,6290357731447678594,139,27,4,2,11,38160,119503,15781,0.298,0.24,0.415,2,harmony,北京,移动,务农,gray
8807860242,626747198206054327,13880047130,6290817766037213345,71,6,40,7,77,80298,773947,54045,0.7,0.889,0.893,5,web,上海,电信,学生,black
8466615629,481719197002282986,15055554880,6264426631892097978,78,8,9,6,46,116293,491296,60686,0.757,0.661,0.605,3,web,北京,联通,学生,black
4594663190,564159198306026905,15045700670,6285944784148314643,38,30,17,6,41,112464,247508,77731,0.54,0.386,0.422,6,windows,武汉,电信,学生,black
9929748116,217472198001195719,15021229212,6281284598314214134,3581,164,1,1,12,8765,20203,547,0.083,0.103,0.202,0,android,杭州,联通,个体经营,white
2166061161,117523196703167962,13315436723,6295889213176801095,98,19,8,4,27,9261,161487,9248,0.319,0.448,0.357,2,harmony,深圳,联通,个体经营,gray
2353014415,137138197707174403,15092724381,6211476900728634645,64,29,5,9,25,58027,584751,23369,0.523,0.717,0.879,4,windows,北京,移动,自由职业,black
4121269002,408985197105117253,13373656226,6261517050833656119,3738,179,0,3,12,5242,13289,2689,0.077,0.036,0.09,0,android,上海,联通,企业职员,white
2628046495,379497198012278241,15022541338,6204946549680544402,171,15,8,4,19,20140,153232,23889,0.231,0.349,0.166,0,harmony,成都,联通,退休,gray
5592999589,421520200105115323,15005669525,6224454157867745488,53,17,6,5,22,116882,387414,37521,0.654,0.661,0.71,1,web,深圳,电信,自由职业,black
0136386028,566777197409151347,13983838214,6256149267032701942,2131,45,0,1,4,7682,8226,1352,0.054,0.105,0.132,0,android,广州,电信,学生,white
1765144173,259358197602239347,19957886608,6256827494572285506,3488,143,2,1,5,3030,6766,1337,0.195,0.064,0.129,0,ios,广州,联通,企业职员,white
0758598536,438793198601013443,13910689004,6203149334725797102,48,9,38,10,31,100769,506613,29533,0.698,0.819,0.558,6,web,上海,联通,务农,black
3254339604,265808200109193622,15025245753,6233326441995427356,19,11,13,10,36,107125,722354,57616,0.6,0.472,0.526,4,windows,北京,联通,个体经营,black
7795650325,265612198109089212,19968826229,6212369350689293993,2898,32,2,2,16,8736,22765,3301,0.065,0.012,0.286,0,harmony,杭州,联通,务农,white
8090800818,287156200010249235,13815623024,6278938800942574664,97,53,2,4,17,35206,132720,8337,0.407,0.333,0.528,1,harmony,深圳,联通,个体经营,gray
6704221493,647202198707119211,13998328746,6217511215104050864,50,7,33,9,44,80521,801020,72211,0.779,0.574,0.504,6,web,杭州,联通,学生,black
6193695347,372308200007183163,18673382276,6295863283905815832,845,67,2,1,14,6475,38902,1765,0.14,0.088,0.109,0,ios,上海,联通,务农,white
8368805318,494769196701107470,13915018581,6240246833387361689,63,10,40,9,53,43223,716539,80083,0.671,0.555,0.522,6,web,西安,电信,自由职业,black
5166482006,615500199306032728,15073127160,6253089838973321644,190,54,3,5,27,30021,77245,8431,0.214,0.117,0.318,1,harmony,杭州,电信,企业职员,gray
5524306760,12502419900811366X,15019568825,6236107037684531329,46,10,6,4,30,101979,771910,68397,0.539,0.619,0.675,2,windows,武汉,联通,学生,black
9767078352,460562198107186124,18654186395,6223195290463108126,3758,81,0,1,10,8625,31806,2419,0.082,0.244,0.269,0,ios,成都,联通,个体经营,white
8415848182,602961198804137559,18664446405,6257364964634888849,50,25,34,15,49,89908,893595,42812,0.393,0.691,0.9,4,windows,深圳,移动,自由职业,black
1289606492,397499198011202194,19914363763,6234065398693556293,1396,56,0,2,10,3527,15959,2232,0.136,0.07,0.127,0,harmony,上海,联通,个体经营,white
6785048594,118959196601175980,13390680725,6292411314325329051,190,29,8,6,27,10684,109334,19203,0.353,0.162,0.321,1,ios,武汉,移动,自由职业,gray
3952782379,313145196804229843,13884123799,6249221927343156998,274,40,5,2,25,36339,90115,11652,0.411,0.179,0.236,1,harmony,成都,联通,学生,gray
3363169722,451301196810047155,13961282753,6215946233952198162,1653,67,1,1,16,2907,20794,3594,0.105,0.068,0.022,0,harmony,上海,电信,个体经营,white
9878391581,580089199204155054,13887824750,6210392825647698625,83,21,19,14,28,69038,681298,29571,0.752,0.696,0.458,8,windows,北京,电信,企业职员,black
1131532363,448820199310107734,13397168283,6258298798140511633,49,56,4,3,10,24174,67626,24352,0.417,0.342,0.409,0,ios,广州,移动,个体经营,gray
8258309153,600654197602228503,13888160779,6263275817004857103,85,13,25,7,69,105450,654236,47074,0.56,0.727,0.532,5,web,广州,移动,自由职业,black
3615115910,512111197904103147,18605266941,6299048898645582403,63,17,36,14,83,99113,595902,67051,0.432,0.353,0.614,4,web,广州,联通,学生,black
2729901076,340647199601280050,15032946334,6249013827162507087,890,75,2,3,8,1974,7183,3784,0.019,0.104,0.134,0,ios,成都,电信,退休,white
7226838827,219846198209103537,19966428696,6285198546390628257,1050,106,1,1,17,7283,27846,3085,0.006,0.144,0.005,0,harmony,深圳,电信,务农,white
3174525934,270530198111065035,18643136957,6201878844469941333,41,30,23,7,80,80495,543339,84181,0.692,0.653,0.573,4,web,北京,移动,自由职业,black
3617381143,193724197705170431,13980308122,6268553849080418848,18,10,10,13,80,76495,675214,43885,0.598,0.369,0.874,4,web,武汉,电信,自由职业,black
1395029343,42607319970225724X,13317542622,6241974308912257249,2337,110,1,1,6,8211,24635,1027,0.012,0.228,0.166,0,ios,西安,联通,务农,white
7667409704,176298197301182121,13830338549,6220015947928651118,1658,44,1,2,5,7026,31778,3742,0.123,0.245,0.085,0,android,深圳,电信,个体经营,white
3814885906,127442198810051066,15064635363,6221367469660073751,2238,141,2,1,15,8631,13986,2345,0.194,0.069,0.253,0,ios,深圳,电信,自由职业,white
5907679883,614333200209064718,19993611240,6258923533973260481,297,38,1,2,28,10011,78117,19198,0.444,0.263,0.517,2,android,上海,移动,自由职业,gray
3501659781,275134197209101096,15046897568,6272836125288506527,2821,42,0,1,9,4321,16292,1524,0.149,0.021,0.138,0,android,广州,移动,务农,white
9187302401,527074199905207820,13852221434,6218132825188596735,67,12,21,14,31,65405,304241,38124,0.55,0.432,0.427,7,web,广州,联通,退休,black
5883800229,620415199804161230,13963364830,6294238484042342218,266,57,4,3,12,23614,178456,9258,0.367,0.436,0.524,1,ios,西安,联通,学生,gray
7149197889,199264198609236410,15086167351,6228854262517409698,10,10,40,4,83,69237,303144,43194,0.389,0.558,0.897,8,web,北京,移动,个体经营,black
4365806309,280676200210208169,13920705900,6222059125913651495,45,6,9,4,20,48552,898455,29111,0.388,0.342,0.775,8,windows,武汉,联通,个体经营,black
2995529647,179545197811284313,13805981865,6278069761433033536,2959,104,0,3,15,1275,5723,598,0.127,0.19,0.166,0,harmony,广州,移动,学生,white
8813808176,43298919700312447X,13372587414,6223971412579186311,53,7,19,5,67,61938,667819,84088,0.423,0.735,0.65,3,web,上海,电信,学生,black
0885726278,398565199211167831,19996709840,6204211216103196361,13,8,25,11,74,60286,818767,69350,0.726,0.482,0.561,7,windows,西安,电信,退休,black
4688975104,39326519780120359X,13844628987,6275959212885240460,55,19,7,13,48,63031,235535,63779,0.581,0.501,0.485,7,windows,武汉,电信,自由职业,black
0861841843,57053419820910313X,13947403914,6257947079795988326,3281,56,1,2,3,1659,35405,2583,0.085,0.062,0.022,0,harmony,北京,电信,退休,white
8936859792,15225719720910194X,13815824542,6252015299435384631,1976,140,2,2,10,2618,26116,522,0.09,0.016,0.002,0,ios,上海,联通,自由职业,white
9359249867,438588198302211703,13305736068,6229494722858195436,42,10,19,11,79,81750,593995,57786,0.72,0.623,0.72,7,windows,西安,联通,学生,black
2413657536,213568198312046244,18675197451,6264298759024096939,151,49,7,5,30,36233,181090,21210,0.244,0.333,0.329,2,ios,武汉,移动,自由职业,gray
5151721386,277405197601207880,19912146690,6268669801048258670,84,12,30,5,80,35032,448833,75069,0.691,0.635,0.408,3,windows,上海,联通,退休,black
8082124630,340621196607093275,13983598878,6201786540398278327,41,19,25,12,48,52622,340620,51469,0.71,0.72,0.496,1,windows,杭州,电信,学生,black
5585377195,459365197008121157,13889514975,6234893756081786345,41,8,39,15,60,83873,363464,41888,0.411,0.324,0.418,2,windows,成都,联通,务农,black
8138606563,115086199812168531,13898761582,6247476417936259935,2239,169,1,3,6,1501,26041,2637,0.019,0.2,0.024,0,ios,武汉,移动,企业职员,white
2327320007,620384197809154090,19985655818,6280747650954352998,36,7,8,14,80,62439,892811,74435,0.45,0.358,0.838,3,windows,广州,移动,退休,black
6994239739,117083199109265302,13927043411,6232435803882845001,425,53,2,3,3,5766,25829,374,0.009,0.089,0.011,0,ios,西安,电信,自由职业,white
8577838589,590584199703277957,18698671567,6284402239502641516,127,11,1,5,28,24140,90260,18956,0.407,0.421,0.159,1,ios,成都,联通,学生,gray
7672497435,382071199605180341,13322184587,6288973772957222239,114,51,4,5,10,13440,233626,21076,0.287,0.412,0.339,2,harmony,北京,电信,学生,gray
9744469019,451275196904197480,13849373603,6201414368852757188,47,49,6,6,28,37597,87787,24665,0.372,0.477,0.261,2,harmony,成都,联通,学生,gray
4721967203,455741200405270190,13893653779,6296955580564870466,1506,185,2,2,14,5137,32717,3397,0.143,0.241,0.038,0,harmony,西安,电信,务农,white
5730639440,547453196910085531,13312238439,6296329417398332803,39,26,3,5,15,37433,104778,18915,0.403,0.485,0.509,0,android,杭州,移动,学生,gray
2210111694,196039199205068346,18624819208,6250257689600443363,2593,32,1,1,15,3662,20729,3520,0.025,0.107,0.268,0,ios,北京,联通,学生,white
4197065515,355436197105028408,15087478271,6214480268302682166,1775,131,1,3,6,4448,6707,1104,0.171,0.116,0.22,0,harmony,广州,电信,企业职员,white
7316675631,468230200309171947,19974796860,6227299093143765003,1149,139,1,2,14,7614,29100,2766,0.075,0.209,0.153,0,android,深圳,移动,学生,white
1201824589,374723198111192610,13868556602,6272121042998191764,87,13,8,6,9,30721,199197,23370,0.278,0.293,0.25,1,ios,西安,联通,企业职员,gray
2219786574,466367198605256800,18660030084,6248810831725852918,256,24,6,4,14,38073,153616,24735,0.429,0.282,0.447,0,harmony,上海,移动,退休,gray
2590626678,31629919700202224X,18683183826,6203448348339177622,2513,66,0,2,11,3465,19032,868,0.132,0.241,0.053,0,harmony,广州,电信,个体经营,white
4933962524,375615197304170117,13843727577,6226537346275002065,73,6,29,8,54,82124,415782,82284,0.717,0.491,0.406,3,windows,北京,电信,个体经营,black
2900792163,325510198407192995,13838086785,6209683162254634240,14,17,33,13,49,84151,309534,42535,0.424,0.315,0.876,4,web,北京,电信,企业职员,black
1233320871,260713200101126802,13329457176,6258788054514730706,30,10,36,15,58,58506,482115,76331,0.791,0.877,0.703,7,web,广州,电信,个体经营,black
6798902852,40113019820209467X,15010092132,6283168653673178127,49,29,19,4,32,90593,335013,74606,0.663,0.571,0.894,5,windows,武汉,电信,企业职员,black
2250304456,225489199301124687,18613973629,6231264736884385478,1404,62,0,3,5,3620,39184,2956,0.012,0.053,0.147,0,harmony,深圳,电信,学生,white
3355975210,213583196711045249,13834787055,6262673182462187943,336,16,3,2,28,20632,136676,18893,0.225,0.173,0.159,2,harmony,北京,联通,个体经营,gray
8202698909,56189719890301826X,13323496960,6201511514527143970,13,21,33,14,21,82944,295503,89097,0.463,0.41,0.88,2,windows,武汉,联通,企业职员,black
5960007223,252485199908144906,13987739418,6254447766539049936,271,56,1,4,19,25829,226882,19546,0.433,0.213,0.385,2,android,北京,电信,学生,gray
7996912953,32042319670828758X,13955679408,6206160201015875175,716,50,1,1,13,4929,35585,1462,0.199,0.23,0.293,0,ios,深圳,联通,退休,white
6074964639,353001200003183149,13808573353,6252184290557305484,60,24,31,7,89,113592,368976,73422,0.787,0.82,0.416,2,windows,成都,移动,退休,black
2977063244,163931198406256027,15022996374,6243931264631928702,1980,100,2,1,18,8533,7978,2002,0.079,0.07,0.291,0,android,北京,电信,学生,white
5752766323,148570199411148602,19990424612,6254092120417202355,2,16,30,10,62,79470,796254,88503,0.75,0.654,0.71,5,web,深圳,移动,个体经营,black
7149362735,370369198109081608,13965574390,6248347334308282941,2796,87,1,3,7,654,24053,2076,0.098,0.238,0.173,0,ios,广州,移动,退休,white
5816130602,57336219710512470X,15054218920,6269429746613102294,33,22,3,10,43,95363,431890,88539,0.424,0.678,0.508,1,windows,杭州,电信,个体经营,black
6858020147,46608219700725837X,13852863263,6224402543115312493,256,19,1,3,20,10896,230001,19975,0.356,0.326,0.164,2,ios,西安,电信,个体经营,gray
1530385545,314475198002055974,13342213752,6228690359112916522,2415,119,0,1,3,2105,27546,2603,0.123,0.212,0.043,0,android,武汉,电信,务农,white
7973401858,124070197803140510,18697660519,6249973893008156117,419,148,2,1,17,7479,34392,1195,0.072,0.091,0.101,0,ios,武汉,联通,务农,white
3994620617,214156196903126423,13316015171,6276120795355306324,60,29,38,10,34,77193,323116,31899,0.423,0.588,0.763,2,web,广州,联通,个体经营,black
2816967152,481953199503010758,13872390959,6287319385204976636,15,25,26,10,78,78665,575022,46002,0.8,0.755,0.469,2,windows,武汉,电信,务农,black
8190113459,564793196505269649,13824595273,6285919354452909279,72,13,5,8,48,44480,415172,29251,0.594,0.764,0.489,3,windows,杭州,移动,退休,black
9497601266,470985197812099847,15005253785,6268547322986619408,87,6,24,13,28,54776,484082,66259,0.568,0.842,0.637,4,windows,深圳,电信,务农,black
1826058109,34109919880504207X,15086580023,6259248998553483356,64,17,36,15,41,77412,470939,61539,0.459,0.724,0.698,3,web,深圳,移动,企业职员,black
3555396292,125816196801064869,18669886213,6275985143293806726,81,21,23,11,50,54486,723909,70784,0.415,0.352,0.648,1,web,北京,移动,退休,black
5958590206,530909199503044908,13983864257,6284592136637172258,3968,193,1,2,13,1562,8281,3901,0.168,0.202,0.065,0,ios,成都,联通,学生,white
7810789398,14224419760612785X,13358876266,6275366678061452002,78,20,30,5,63,87516,778440,61934,0.778,0.6,0.65,2,windows,成都,联通,个体经营,black
1642225848,432539198712245508,13862107100,6261479255239862706,52,6,16,11,62,59903,507372,79897,0.513,0.551,0.759,3,windows,北京,电信,企业职员,black
4447067476,287419198004129561,15011070534,6256224006509985631,88,9,15,12,46,55367,584674,51451,0.496,0.346,0.817,7,web,成都,移动,学生,black
1701557094,307794197009141709,13321033250,6212802098603762475,76,28,32,7,81,45544,258574,86314,0.532,0.686,0.471,2,windows,北京,电信,务农,black
6961663636,263917196909048058,13980848941,6218256575327863946,77,5,17,7,64,75070,724752,78676,0.567,0.782,0.727,4,web,广州,移动,学生,black
1016656023,422889200008233647,19902206751,6295899004956964560,38,28,23,14,75,109783,663620,33688,0.427,0.496,0.785,8,windows,上海,电信,学生,black
1680685384,301228200207110839,15040934732,6282049553498822717,38,21,37,10,46,99986,533603,56809,0.629,0.58,0.788,5,windows,成都,电信,自由职业,black
5447762178,141198199810108929,15025730817,6261577508312640957,23,13,9,9,63,39073,454500,67340,0.74,0.878,0.748,8,windows,西安,移动,退休,black
4480065684,267207197601036123,13367572183,6287584555567614383,31,20,40,12,29,115974,875868,41475,0.529,0.332,0.555,6,web,武汉,电信,自由职业,black
6752981280,248587198509084000,13976865091,6267313274016704515,19,5,18,8,33,97316,528343,61934,0.45,0.339,0.487,5,windows,杭州,联通,个体经营,black
7062940422,251053198101120096,13848812624,6257634153658984008,63,18,7,12,81,53340,304208,44892,0.533,0.705,0.736,6,windows,北京,联通,个体经营,black
8403248624,120253196909120054,13336070136,6262983284494247320,64,25,7,4,17,15723,232868,9125,0.397,0.307,0.223,2,harmony,北京,电信,企业职员,gray
7554530245,34471720040528542X,13381641627,6286949407728602257,59,22,40,15,61,84884,384823,63661,0.676,0.469,0.564,2,web,西安,联通,学生,black
8311106985,221687199103221605,19960520197,6240011562153191523,2348,186,0,3,18,7015,34639,1353,0.159,0.147,0.01,0,android,武汉,电信,退休,white
2696034367,271861199605023577,15083550129,6231058701488629478,35,17,22,5,26,88616,658476,33256,0.445,0.821,0.693,3,windows,深圳,联通,务农,black
8226940123,372151197207099464,19952749855,6297874234662194412,1297,161,0,2,18,8114,4774,2619,0.148,0.05,0.002,0,android,广州,联通,学生,white
9176097646,459177196608264133,15008985894,6276550929549600617,25,22,10,5,57,57070,646481,51189,0.648,0.757,0.448,3,web,北京,电信,务农,black
4361431250,246419199211277257,15073488364,6231227298272556975,347,44,5,5,15,10850,140515,7750,0.159,0.16,0.252,2,android,深圳,电信,务农,gray
6443482229,203831197509113286,18603029240,6272341465442501665,3456,122,1,1,5,843,15587,1675,0.144,0.213,0.226,0,harmony,广州,移动,个体经营,white
2795855070,254437198201268625,13855587631,6288766187343224676,2621,56,2,1,14,6692,18646,2053,0.083,0.003,0.117,0,ios,北京,电信,自由职业,white
5578439072,167347198412100491,13870825111,6225347783522744112,70,14,26,4,86,77414,859961,85833,0.456,0.817,0.58,8,web,杭州,联通,企业职员,black
7169117106,600787200305146858,18699735498,6262331544831081824,2433,87,0,3,6,3205,32369,2507,0.198,0.05,0.014,0,harmony,北京,电信,企业职员,white
6797723301,138687198502080453,19953023693,6200100212521624727,3248,186,2,2,7,850,31779,2864,0.126,0.052,0.038,0,harmony,上海,联通,自由职业,white
9764956264,372969196512110675,18657476957,6208625156645816490,242,36,6,3,14,20216,82115,14467,0.395,0.382,0.285,0,harmony,北京,移动,务农,gray
6868467020,371030199111228358,19929916583,6263634551981411695,34,24,14,8,61,97766,210400,84231,0.454,0.603,0.413,3,windows,武汉,联通,企业职员,black
4608056452,648476198011188948,13955722777,6205585813552454767,36,7,23,8,26,52332,898480,70285,0.571,0.521,0.473,1,web,广州,移动,学生,black
7797552335,305737200309195903,13330493133,6252401673820103111,16,14,5,6,41,46332,253203,85629,0.371,0.635,0.784,3,windows,成都,联通,务农,black
1417522647,545240198002285995,18623570570,6285198479555596636,283,19,1,6,20,22772,174628,11585,0.15,0.139,0.428,1,android,杭州,电信,自由职业,gray
1438885675,586996200304227942,13993884012,6278011249554661465,205,23,4,5,30,8361,190097,10615,0.315,0.303,0.275,2,android,成都,电信,企业职员,gray
4208776861,179703197012142458,18612874425,6255172509694326833,2114,84,2,3,11,8001,4673,1553,0.053,0.034,0.281,0,ios,武汉,移动,退休,white
5090782791,592990198610155623,18663609167,6271793478359036458,179,30,1,4,8,27827,172919,22682,0.262,0.224,0.402,2,ios,西安,联通,个体经营,gray
1604185160,494190200411052621,19921802743,6289942516602418236,44,9,36,12,44,61886,882566,80726,0.772,0.54,0.62,2,web,深圳,联通,务农,black
1980869554,293677197502150214,13883789857,6234320008203503943,189,47,8,5,27,32553,73127,8714,0.349,0.393,0.512,0,harmony,深圳,移动,个体经营,gray
9077633724,277476196609175256,19952171576,6242795905945696529,8,16,8,13,43,106608,631710,42969,0.435,0.466,0.603,5,windows,杭州,电信,务农,black
9628244381,196008200211262444,15036918831,6213369662291258878,2877,183,0,1,13,1040,9772,3510,0.132,0.039,0.241,0,ios,武汉,电信,企业职员,white
7149005404,427380199610224776,18628756759,6226247460653137595,1391,85,1,3,2,6792,24260,1897,0.122,0.199,0.144,0,harmony,上海,移动,退休,white
6582680895,637424198412214577,18691589744,6204685713680449490,3558,154,0,3,8,681,39425,3635,0.055,0.011,0.194,0,android,上海,移动,个体经营,white
8798472854,312729197008104794,18624513204,6266757342715938011,45,7,23,11,83,45849,631429,23955,0.526,0.391,0.536,1,web,西安,联通,个体经营,black
4489036033,413864199507107280,15000297600,6297243378032631851,3456,108,0,2,13,6297,10384,861,0.196,0.06,0.287,0,harmony,杭州,联通,自由职业,white
3806636226,457648196910240885,13369035473,6232574053691380798,3622,153,2,2,18,1583,37736,2916,0.119,0.057,0.23,0,harmony,北京,联通,退休,white
9473705723,63931219900503855X,15061212882,6200067806060963942,339,26,3,5,15,38006,158906,20897,0.212,0.214,0.212,1,harmony,广州,联通,务农,gray
4366068984,306580198602159427,13902041915,6221280848156270645,1156,176,0,3,4,2625,10279,1524,0.061,0.154,0.032,0,ios,北京,电信,务农,white
7824577698,285283199809229197,13935018675,6265073840024506758,18,6,4,9,63,53955,548914,51745,0.421,0.399,0.473,8,windows,广州,移动,个体经营,black
3143510660,540626199706288095,13352170939,6217502692605021907,81,21,32,13,38,93499,803295,89893,0.558,0.858,0.639,7,web,上海,联通,务农,black
5966291413,283226197306034390,13891142505,6290734865287234641,224,47,1,4,16,17782,206064,16065,0.306,0.181,0.237,2,harmony,成都,电信,企业职员,gray
4760473379,514823199007116394,19912189718,6276948774778527468,364,29,7,4,13,39364,116148,18010,0.321,0.299,0.524,1,ios,成都,移动,个体经营,gray
7988621103,562346200311047594,18614128190,6231040014132860618,49,10,3,10,25,72536,404201,45346,0.711,0.56,0.695,7,web,北京,电信,企业职员,black
0116473298,350938200006104500,13350709178,6241911162820847608,170,56,2,3,22,26014,156977,20086,0.394,0.429,0.518,2,harmony,深圳,移动,企业职员,gray
3652139321,152015198411202999,13941734994,6238352773192633949,4,11,31,9,65,74926,693643,54346,0.516,0.785,0.718,8,web,武汉,移动,学生,black
5110328956,552475196903109918,13933643047,6236629201088765943,6,12,16,7,55,87749,478451,55582,0.469,0.344,0.789,1,web,北京,移动,个体经营,black
3584882948,544795197209174030,13996318956,6223283841750114396,206,38,1,5,17,23893,103551,16688,0.183,0.243,0.389,2,harmony,上海,电信,自由职业,gray
0130348621,288427199611210415,19995470102,6234288464703103143,39,8,25,7,43,100298,738779,24914,0.627,0.531,0.45,4,web,深圳,联通,自由职业,black
1745461551,600710198210065039,13351192351,6230403330807738778,1993,125,1,1,10,5460,32997,1189,0.098,0.11,0.019,0,ios,成都,联通,务农,white
2974667593,173286198307053349,15005294885,6281156046966821697,3449,84,0,3,7,5024,20734,1755,0.009,0.206,0.07,0,ios,成都,电信,退休,white
8172677289,203899196702189752,19980102854,6224459593315851330,31,5,40,8,76,87462,255343,52052,0.625,0.628,0.438,7,windows,深圳,电信,自由职业,black
